reference,querry,ani,alignment_coverage,primary_cluster
EHA04743_bin.36.fa.gz,EHA04743_bin.36.fa.gz,1.0,1.0,89
EHA04743_bin.38.fa.gz,EHA04743_bin.38.fa.gz,1.0,0.9827044025157232,801
EHA04743_bin.3.fa.gz,EHA04743_bin.3.fa.gz,1.0,0.9941634241245136,360
EHA04823_bin.131.fa.gz,EHA04743_bin.3.fa.gz,0.9499179999999999,0.9233716475095786,360
EHA04743_bin.3.fa.gz,EHA04823_bin.131.fa.gz,0.943036,0.46303501945525294,360
EHA04823_bin.131.fa.gz,EHA04823_bin.131.fa.gz,1.0,0.9731800766283525,360
EHA04743_bin.42.fa.gz,EHA04743_bin.42.fa.gz,1.0,0.9645390070921985,125
EHA04747_bin.43.fa.gz,EHA04743_bin.42.fa.gz,0.9521250000000001,0.43609022556390975,125
EHA04748_bin.50.fa.gz,EHA04743_bin.42.fa.gz,0.9505119999999999,0.36649214659685864,125
EHA04750_bin.38.fa.gz,EHA04743_bin.42.fa.gz,0.965372,0.3360323886639676,125
EHA04743_bin.42.fa.gz,EHA04747_bin.43.fa.gz,0.944889,0.45390070921985815,125
EHA04747_bin.43.fa.gz,EHA04747_bin.43.fa.gz,1.0,0.9924812030075187,125
EHA04748_bin.50.fa.gz,EHA04747_bin.43.fa.gz,0.9440959999999999,0.4607329842931937,125
EHA04750_bin.38.fa.gz,EHA04747_bin.43.fa.gz,0.958623,0.3765182186234818,125
EHA04743_bin.42.fa.gz,EHA04748_bin.50.fa.gz,0.948838,0.5390070921985816,125
EHA04747_bin.43.fa.gz,EHA04748_bin.50.fa.gz,0.959515,0.6466165413533834,125
EHA04748_bin.50.fa.gz,EHA04748_bin.50.fa.gz,1.0,0.9947643979057592,125
EHA04750_bin.38.fa.gz,EHA04748_bin.50.fa.gz,0.9611740000000001,0.4939271255060729,125
EHA04743_bin.42.fa.gz,EHA04750_bin.38.fa.gz,0.9632200000000001,0.6312056737588653,125
EHA04747_bin.43.fa.gz,EHA04750_bin.38.fa.gz,0.9583379999999999,0.6917293233082706,125
EHA04748_bin.50.fa.gz,EHA04750_bin.38.fa.gz,0.9592499999999999,0.643979057591623,125
EHA04750_bin.38.fa.gz,EHA04750_bin.38.fa.gz,0.999999,0.9959514170040485,125
EHA04744_bin.26.fa.gz,EHA04744_bin.26.fa.gz,1.0,0.9911504424778761,297
nhnw_bin.253.fa.gz,EHA04744_bin.26.fa.gz,0.9819119999999999,0.9300184162062615,297
EHA04744_bin.26.fa.gz,nhnw_bin.253.fa.gz,0.9812489999999999,0.638432364096081,297
nhnw_bin.253.fa.gz,nhnw_bin.253.fa.gz,1.0,0.998158379373849,297
EHA04744_bin.40.fa.gz,EHA04744_bin.40.fa.gz,1.0,0.9818481848184818,750
EHA04744_bin.6.fa.gz,EHA04744_bin.6.fa.gz,1.0,0.9878048780487805,498
EHA04749_bin.20.fa.gz,EHA04744_bin.6.fa.gz,0.97016,0.5469613259668509,498
EHA04744_bin.6.fa.gz,EHA04749_bin.20.fa.gz,0.975631,0.5792682926829268,498
EHA04749_bin.20.fa.gz,EHA04749_bin.20.fa.gz,1.0,0.9668508287292817,498
EHA04744_bin.8.fa.gz,EHA04744_bin.8.fa.gz,0.999999,0.9716312056737588,564
EHA04815_bin.134.fa.gz,EHA04744_bin.8.fa.gz,0.989607,0.21405750798722045,564
EHA04744_bin.8.fa.gz,EHA04815_bin.134.fa.gz,0.999518,0.9716312056737588,564
EHA04815_bin.134.fa.gz,EHA04815_bin.134.fa.gz,1.0,0.9952076677316294,564
EHA04745_bin.5.fa.gz,EHA04745_bin.5.fa.gz,1.0,0.9876543209876543,342
EHA04746_bin.18.fa.gz,EHA04746_bin.18.fa.gz,1.0,0.9965397923875432,849
EHA04746_bin.20.fa.gz,EHA04746_bin.20.fa.gz,1.0,0.9865269461077845,325
EHA04823_bin.21.fa.gz,EHA04746_bin.20.fa.gz,0.932145,0.770098730606488,325
EHA04746_bin.20.fa.gz,EHA04823_bin.21.fa.gz,0.9316989999999999,0.8203592814371258,325
EHA04823_bin.21.fa.gz,EHA04823_bin.21.fa.gz,1.0,0.9929478138222849,325
EHA04747_bin.16.fa.gz,EHA04747_bin.16.fa.gz,1.0,0.9959514170040485,897
EHA04747_bin.21.fa.gz,EHA04747_bin.21.fa.gz,0.9999979999999999,0.9742268041237113,790
EHA04747_bin.24.fa.gz,EHA04747_bin.24.fa.gz,1.0,0.9955882352941177,562
EHA04747_bin.26.fa.gz,EHA04747_bin.26.fa.gz,1.0,0.9921568627450981,307
EHA04750_bin.25.fa.gz,EHA04747_bin.26.fa.gz,0.967924,0.503448275862069,307
EHA04815_bin.118.fa.gz,EHA04747_bin.26.fa.gz,0.985004,0.26681367144432194,307
EHA04747_bin.26.fa.gz,EHA04750_bin.25.fa.gz,0.969311,0.28627450980392155,307
EHA04750_bin.25.fa.gz,EHA04750_bin.25.fa.gz,1.0,0.993103448275862,307
EHA04815_bin.118.fa.gz,EHA04750_bin.25.fa.gz,0.984798,0.15104740904079383,307
EHA04747_bin.26.fa.gz,EHA04815_bin.118.fa.gz,0.9957739999999999,0.9607843137254902,307
EHA04750_bin.25.fa.gz,EHA04815_bin.118.fa.gz,0.9921559999999999,0.9586206896551724,307
EHA04815_bin.118.fa.gz,EHA04815_bin.118.fa.gz,1.0,0.9944873208379272,307
EHA04747_bin.2.fa.gz,EHA04747_bin.2.fa.gz,1.0,0.9784615384615385,894
EHA04747_bin.30.fa.gz,EHA04747_bin.30.fa.gz,1.0,0.97632058287796,58
EHA04747_bin.37.fa.gz,EHA04747_bin.37.fa.gz,1.0,0.9879518072289156,797
EHA04747_bin.38.fa.gz,EHA04747_bin.38.fa.gz,1.0,0.9918032786885246,770
EHA04815_bin.93.fa.gz,EHA04747_bin.38.fa.gz,0.986044,0.1938610662358643,770
EHA04747_bin.38.fa.gz,EHA04815_bin.93.fa.gz,0.995673,0.9918032786885246,770
EHA04815_bin.93.fa.gz,EHA04815_bin.93.fa.gz,1.0,0.9951534733441034,770
EHA04747_bin.49.fa.gz,EHA04747_bin.49.fa.gz,1.0,0.9751243781094527,820
EHA04747_bin.4.fa.gz,EHA04747_bin.4.fa.gz,1.0,1.0,91
EHA04747_bin.7.fa.gz,EHA04747_bin.7.fa.gz,1.0,1.0,43
EHA04749_bin.1.fa.gz,EHA04747_bin.7.fa.gz,0.9705840000000001,0.2597402597402597,43
EHA04747_bin.7.fa.gz,EHA04749_bin.1.fa.gz,0.979392,0.7777777777777778,43
EHA04749_bin.1.fa.gz,EHA04749_bin.1.fa.gz,1.0,0.9805194805194806,43
EHA04747_bin.9.fa.gz,EHA04747_bin.9.fa.gz,1.0,0.9831932773109243,612
EHA04815_bin.27.fa.gz,EHA04747_bin.9.fa.gz,0.985401,0.18488745980707397,612
EHA04747_bin.9.fa.gz,EHA04815_bin.27.fa.gz,0.994807,0.9747899159663865,612
EHA04815_bin.27.fa.gz,EHA04815_bin.27.fa.gz,1.0,0.9919614147909968,612
EHA04748_bin.12.fa.gz,EHA04748_bin.12.fa.gz,1.0,0.9851411589895989,544
EHA04748_bin.17.fa.gz,EHA04748_bin.17.fa.gz,1.0,0.9948979591836735,655
EHA04748_bin.25.fa.gz,EHA04748_bin.25.fa.gz,1.0,0.9963963963963964,333
EHA04748_bin.40.fa.gz,EHA04748_bin.40.fa.gz,1.0,0.993993993993994,870
EHA04748_bin.7.fa.gz,EHA04748_bin.7.fa.gz,1.0,0.9973045822102425,617
EHA04749_bin.18.fa.gz,EHA04749_bin.18.fa.gz,1.0,0.9942857142857143,450
EHA04749_bin.26.fa.gz,EHA04749_bin.26.fa.gz,1.0,0.995945945945946,893
EHA04749_bin.28.fa.gz,EHA04749_bin.28.fa.gz,1.0,0.9954128440366973,772
EHA04749_bin.30.fa.gz,EHA04749_bin.30.fa.gz,1.0,0.9954545454545455,59
EHA04749_bin.45.fa.gz,EHA04749_bin.45.fa.gz,1.0,0.9924050632911392,440
EHA04749_bin.46.fa.gz,EHA04749_bin.46.fa.gz,1.0,0.989451476793249,821
EHA04749_bin.51.fa.gz,EHA04749_bin.51.fa.gz,1.0,0.9942857142857143,622
EHA04750_bin.40.fa.gz,EHA04749_bin.51.fa.gz,0.9759,0.36904761904761907,622
EHA04749_bin.51.fa.gz,EHA04750_bin.40.fa.gz,0.981299,0.5371428571428571,622
EHA04750_bin.40.fa.gz,EHA04750_bin.40.fa.gz,1.0,0.9841269841269841,622
EHA04750_bin.18.fa.gz,EHA04750_bin.18.fa.gz,1.0,0.9991974317817014,745
EHA04750_bin.22.fa.gz,EHA04750_bin.22.fa.gz,1.0,0.986130374479889,551
EHA04750_bin.29.fa.gz,EHA04750_bin.29.fa.gz,1.0,0.982573726541555,213
nhnw_bin.334.fa.gz,EHA04750_bin.29.fa.gz,0.9473,0.7737617135207496,213
EHA04750_bin.29.fa.gz,nhnw_bin.334.fa.gz,0.947411,0.7801608579088471,213
nhnw_bin.334.fa.gz,nhnw_bin.334.fa.gz,0.999999,0.9919678714859438,213
EHA04750_bin.36.fa.gz,EHA04750_bin.36.fa.gz,1.0,0.9869942196531792,438
EHA04823_bin.269.fa.gz,EHA04750_bin.36.fa.gz,0.92597,0.6305882352941177,438
EHA04750_bin.36.fa.gz,EHA04823_bin.269.fa.gz,0.9289350000000001,0.7774566473988439,438
EHA04823_bin.269.fa.gz,EHA04823_bin.269.fa.gz,1.0,0.9952941176470588,438
EHA04750_bin.41.fa.gz,EHA04750_bin.41.fa.gz,1.0,0.9839357429718876,760
EHA04750_bin.45.fa.gz,EHA04750_bin.45.fa.gz,1.0,0.9916666666666667,155
EHA04815_bin.161.fa.gz,EHA04750_bin.45.fa.gz,0.957421,0.2750809061488673,155
EHA04823_bin.196.fa.gz,EHA04750_bin.45.fa.gz,0.9497979999999999,0.21863799283154123,155
nhnw_bin.599.fa.gz,EHA04750_bin.45.fa.gz,0.9181870000000001,0.27037037037037037,155
EHA04750_bin.45.fa.gz,EHA04815_bin.161.fa.gz,0.966294,0.6833333333333333,155
EHA04815_bin.161.fa.gz,EHA04815_bin.161.fa.gz,1.0,0.9805825242718447,155
EHA04823_bin.196.fa.gz,EHA04815_bin.161.fa.gz,0.961595,0.5161290322580645,155
nhnw_bin.599.fa.gz,EHA04815_bin.161.fa.gz,0.930346,0.6037037037037037,155
EHA04750_bin.45.fa.gz,EHA04823_bin.196.fa.gz,0.9488930000000001,0.5666666666666667,155
EHA04815_bin.161.fa.gz,EHA04823_bin.196.fa.gz,0.960509,0.45307443365695793,155
EHA04823_bin.196.fa.gz,EHA04823_bin.196.fa.gz,1.0,0.985663082437276,155
nhnw_bin.599.fa.gz,EHA04823_bin.196.fa.gz,0.9208459999999999,0.4222222222222222,155
EHA04750_bin.45.fa.gz,nhnw_bin.599.fa.gz,0.921507,0.625,155
EHA04815_bin.161.fa.gz,nhnw_bin.599.fa.gz,0.929914,0.5275080906148867,155
EHA04823_bin.196.fa.gz,nhnw_bin.599.fa.gz,0.925451,0.44086021505376344,155
nhnw_bin.599.fa.gz,nhnw_bin.599.fa.gz,1.0,0.9814814814814815,155
EHA04815_bin.100.fa.gz,EHA04815_bin.100.fa.gz,1.0,0.9721115537848606,293
EHA04815_bin.101.fa.gz,EHA04815_bin.101.fa.gz,1.0,0.9967284623773174,15
EHA04815_bin.102.fa.gz,EHA04815_bin.102.fa.gz,1.0,0.9950900163666121,26
EHA04815_bin.105.fa.gz,EHA04815_bin.105.fa.gz,1.0,0.9933110367892977,631
EHA04815_bin.108.fa.gz,EHA04815_bin.108.fa.gz,1.0,0.9829931972789115,46
EHA04815_bin.109.fa.gz,EHA04815_bin.109.fa.gz,1.0,0.9694323144104804,609
EHA04815_bin.10.fa.gz,EHA04815_bin.10.fa.gz,1.0,0.9878787878787879,781
EHA04815_bin.110.fa.gz,EHA04815_bin.110.fa.gz,1.0,0.9887482419127989,338
EHA04815_bin.112.fa.gz,EHA04815_bin.112.fa.gz,1.0,0.9928571428571429,455
EHA04815_bin.113.fa.gz,EHA04815_bin.113.fa.gz,1.0,0.9941262848751835,273
EHA04815_bin.114.fa.gz,EHA04815_bin.114.fa.gz,1.0,1.0,528
EHA04815_bin.115.fa.gz,EHA04815_bin.115.fa.gz,1.0,0.9967532467532467,589
EHA04815_bin.116.fa.gz,EHA04815_bin.116.fa.gz,0.999999,0.9879518072289156,134
EHA04815_bin.117.fa.gz,EHA04815_bin.117.fa.gz,1.0,0.9938949938949939,439
EHA04823_bin.47.fa.gz,EHA04815_bin.117.fa.gz,0.9516899999999999,0.9022556390977443,439
nhnw_bin.568.fa.gz,EHA04815_bin.117.fa.gz,0.956661,0.855146124523507,439
EHA04815_bin.117.fa.gz,EHA04823_bin.47.fa.gz,0.946553,0.14407814407814407,439
EHA04823_bin.47.fa.gz,EHA04823_bin.47.fa.gz,1.0,0.9924812030075187,439
nhnw_bin.568.fa.gz,EHA04823_bin.47.fa.gz,0.921143,0.144853875476493,439
EHA04815_bin.117.fa.gz,nhnw_bin.568.fa.gz,0.958043,0.8156288156288156,439
EHA04823_bin.47.fa.gz,nhnw_bin.568.fa.gz,0.9240349999999999,0.8646616541353384,439
nhnw_bin.568.fa.gz,nhnw_bin.568.fa.gz,1.0,0.9987293519695044,439
EHA04815_bin.119.fa.gz,EHA04815_bin.119.fa.gz,1.0,0.9821029082774049,510
EHA04815_bin.11.fa.gz,EHA04815_bin.11.fa.gz,1.0,0.9970760233918129,798
EHA04815_bin.120.fa.gz,EHA04815_bin.120.fa.gz,1.0,0.9884393063583815,529
EHA04815_bin.121.fa.gz,EHA04815_bin.121.fa.gz,1.0,0.9956896551724138,90
EHA04815_bin.122.fa.gz,EHA04815_bin.122.fa.gz,1.0,0.9850467289719627,102
nhnw_bin.342.fa.gz,EHA04815_bin.122.fa.gz,0.9872289999999999,0.7222222222222222,102
EHA04815_bin.122.fa.gz,nhnw_bin.342.fa.gz,0.9891209999999999,0.9570093457943926,102
nhnw_bin.342.fa.gz,nhnw_bin.342.fa.gz,1.0,0.9941520467836257,102
EHA04815_bin.123.fa.gz,EHA04815_bin.123.fa.gz,1.0,0.9953703703703703,363
EHA04815_bin.128.fa.gz,EHA04815_bin.128.fa.gz,1.0,0.9940652818991098,499
EHA04815_bin.129.fa.gz,EHA04815_bin.129.fa.gz,1.0,0.9874476987447699,764
EHA04815_bin.12.fa.gz,EHA04815_bin.12.fa.gz,1.0,0.9829984544049459,842
EHA04815_bin.130.fa.gz,EHA04815_bin.130.fa.gz,1.0,0.9927536231884058,707
EHA04815_bin.131.fa.gz,EHA04815_bin.131.fa.gz,1.0,0.9955156950672646,708
EHA04815_bin.132.fa.gz,EHA04815_bin.132.fa.gz,1.0,0.9827586206896551,711
EHA04815_bin.133.fa.gz,EHA04815_bin.133.fa.gz,1.0,0.9942028985507246,623
EHA04815_bin.136.fa.gz,EHA04815_bin.136.fa.gz,1.0,0.9864341085271318,142
nhnw_bin.293.fa.gz,EHA04815_bin.136.fa.gz,0.9548829999999999,0.768796992481203,142
EHA04815_bin.136.fa.gz,nhnw_bin.293.fa.gz,0.955259,0.7810077519379846,142
nhnw_bin.293.fa.gz,nhnw_bin.293.fa.gz,0.999999,0.9868421052631579,142
EHA04815_bin.138.fa.gz,EHA04815_bin.138.fa.gz,1.0,0.9964093357271095,541
EHA04815_bin.139.fa.gz,EHA04815_bin.139.fa.gz,1.0,0.9945652173913043,540
EHA04823_bin.79.fa.gz,EHA04815_bin.139.fa.gz,0.946399,0.7537537537537538,540
nhnw_bin.385.fa.gz,EHA04815_bin.139.fa.gz,0.954388,0.7606299212598425,540
EHA04815_bin.139.fa.gz,EHA04823_bin.79.fa.gz,0.947629,0.907608695652174,540
EHA04823_bin.79.fa.gz,EHA04823_bin.79.fa.gz,1.0,0.9894894894894894,540
nhnw_bin.385.fa.gz,EHA04823_bin.79.fa.gz,0.952271,0.905511811023622,540
EHA04815_bin.139.fa.gz,nhnw_bin.385.fa.gz,0.9538530000000001,0.875,540
EHA04823_bin.79.fa.gz,nhnw_bin.385.fa.gz,0.952156,0.8783783783783784,540
nhnw_bin.385.fa.gz,nhnw_bin.385.fa.gz,1.0,1.0,540
EHA04815_bin.13.fa.gz,EHA04815_bin.13.fa.gz,1.0,0.9799498746867168,62
EHA04815_bin.140.fa.gz,EHA04815_bin.140.fa.gz,1.0,0.9904214559386973,635
EHA04815_bin.141.fa.gz,EHA04815_bin.141.fa.gz,1.0,0.9973890339425587,621
EHA04815_bin.143.fa.gz,EHA04815_bin.143.fa.gz,1.0,0.9751693002257337,117
EHA04815_bin.144.fa.gz,EHA04815_bin.144.fa.gz,1.0,0.9946808510638298,535
EHA04815_bin.145.fa.gz,EHA04815_bin.145.fa.gz,1.0,0.9866666666666667,534
EHA04815_bin.146.fa.gz,EHA04815_bin.146.fa.gz,1.0,0.9955947136563876,598
EHA04823_bin.199.fa.gz,EHA04815_bin.146.fa.gz,0.9057810000000001,0.6734279918864098,598
EHA04815_bin.146.fa.gz,EHA04823_bin.199.fa.gz,0.905959,0.7048458149779736,598
EHA04823_bin.199.fa.gz,EHA04823_bin.199.fa.gz,1.0,0.9898580121703854,598
EHA04815_bin.147.fa.gz,EHA04815_bin.147.fa.gz,1.0,0.9831223628691983,602
EHA04815_bin.148.fa.gz,EHA04815_bin.148.fa.gz,1.0,0.9942857142857143,776
EHA04823_bin.153.fa.gz,EHA04815_bin.148.fa.gz,0.920677,0.8731988472622478,776
nhnw_bin.413.fa.gz,EHA04815_bin.148.fa.gz,0.9201130000000001,0.8766937669376694,776
EHA04815_bin.148.fa.gz,EHA04823_bin.153.fa.gz,0.920723,0.8728571428571429,776
EHA04823_bin.153.fa.gz,EHA04823_bin.153.fa.gz,1.0,0.9971181556195965,776
nhnw_bin.413.fa.gz,EHA04823_bin.153.fa.gz,0.9830249999999999,0.8875338753387534,776
EHA04815_bin.148.fa.gz,nhnw_bin.413.fa.gz,0.9214600000000001,0.92,776
EHA04823_bin.153.fa.gz,nhnw_bin.413.fa.gz,0.982831,0.9567723342939481,776
nhnw_bin.413.fa.gz,nhnw_bin.413.fa.gz,1.0,0.9986449864498645,776
EHA04815_bin.14.fa.gz,EHA04815_bin.14.fa.gz,0.999999,0.9864176570458404,295
nhnw_bin.470.fa.gz,EHA04815_bin.14.fa.gz,0.9193000000000001,0.7496542185338866,295
EHA04815_bin.14.fa.gz,nhnw_bin.470.fa.gz,0.922033,0.9235993208828522,295
nhnw_bin.470.fa.gz,nhnw_bin.470.fa.gz,1.0,0.9930843706777317,295
EHA04815_bin.150.fa.gz,EHA04815_bin.150.fa.gz,1.0,0.9958847736625515,816
EHA04815_bin.152.fa.gz,EHA04815_bin.152.fa.gz,1.0,0.9864130434782609,485
EHA04815_bin.154.fa.gz,EHA04815_bin.154.fa.gz,1.0,1.0,666
EHA04815_bin.155.fa.gz,EHA04815_bin.155.fa.gz,1.0,0.9929577464788732,689
EHA04815_bin.156.fa.gz,EHA04815_bin.156.fa.gz,1.0,0.9983525535420099,251
EHA04815_bin.157.fa.gz,EHA04815_bin.157.fa.gz,1.0,0.99644128113879,139
EHA04815_bin.158.fa.gz,EHA04815_bin.158.fa.gz,1.0,0.9887459807073955,746
EHA04815_bin.15.fa.gz,EHA04815_bin.15.fa.gz,1.0,0.9937304075235109,785
EHA04815_bin.160.fa.gz,EHA04815_bin.160.fa.gz,1.0,0.9921568627450981,566
EHA04815_bin.164.fa.gz,EHA04815_bin.164.fa.gz,1.0,0.9892280071813285,866
EHA04815_bin.166.fa.gz,EHA04815_bin.166.fa.gz,1.0,0.9920159680638723,7
EHA04815_bin.167.fa.gz,EHA04815_bin.167.fa.gz,1.0,0.9910313901345291,149
EHA04815_bin.169.fa.gz,EHA04815_bin.169.fa.gz,1.0,0.9894736842105263,802
EHA04815_bin.16.fa.gz,EHA04815_bin.16.fa.gz,1.0,0.988013698630137,35
EHA04815_bin.170.fa.gz,EHA04815_bin.170.fa.gz,1.0,0.9862385321100917,657
EHA04815_bin.171.fa.gz,EHA04815_bin.171.fa.gz,1.0,0.989821882951654,733
EHA04815_bin.172.fa.gz,EHA04815_bin.172.fa.gz,1.0,0.9964912280701754,673
EHA04815_bin.176.fa.gz,EHA04815_bin.176.fa.gz,1.0,0.9797979797979798,752
EHA04815_bin.177.fa.gz,EHA04815_bin.177.fa.gz,1.0,0.9966216216216216,775
EHA04815_bin.178.fa.gz,EHA04815_bin.178.fa.gz,1.0,0.9901639344262295,249
EHA04823_bin.121.fa.gz,EHA04815_bin.178.fa.gz,0.899937,0.717391304347826,249
nhnw_bin.466.fa.gz,EHA04815_bin.178.fa.gz,0.8945839999999999,0.8341968911917098,249
EHA04815_bin.178.fa.gz,EHA04823_bin.121.fa.gz,0.8992359999999999,0.8704918032786885,249
EHA04823_bin.121.fa.gz,EHA04823_bin.121.fa.gz,1.0,0.9959239130434783,249
nhnw_bin.466.fa.gz,EHA04823_bin.121.fa.gz,0.923835,0.8756476683937824,249
EHA04815_bin.178.fa.gz,nhnw_bin.466.fa.gz,0.8908419999999999,0.5163934426229508,249
EHA04823_bin.121.fa.gz,nhnw_bin.466.fa.gz,0.918219,0.453804347826087,249
nhnw_bin.466.fa.gz,nhnw_bin.466.fa.gz,1.0,0.9689119170984456,249
EHA04815_bin.179.fa.gz,EHA04815_bin.179.fa.gz,1.0,0.983957219251337,758
EHA04815_bin.181.fa.gz,EHA04815_bin.181.fa.gz,1.0,0.994059405940594,517
EHA04815_bin.182.fa.gz,EHA04815_bin.182.fa.gz,1.0,0.9951690821256038,126
EHA04823_bin.299.fa.gz,EHA04815_bin.182.fa.gz,0.937548,0.3352601156069364,126
EHA04815_bin.182.fa.gz,EHA04823_bin.299.fa.gz,0.932238,0.28019323671497587,126
EHA04823_bin.299.fa.gz,EHA04823_bin.299.fa.gz,1.0,0.9826589595375722,126
EHA04815_bin.184.fa.gz,EHA04815_bin.184.fa.gz,1.0,0.9859943977591037,463
EHA04823_bin.158.fa.gz,EHA04815_bin.184.fa.gz,0.900186,0.5073170731707317,463
nhnw_bin.414.fa.gz,EHA04815_bin.184.fa.gz,0.8992359999999999,0.31022727272727274,463
EHA04815_bin.184.fa.gz,EHA04823_bin.158.fa.gz,0.9010710000000001,0.2661064425770308,463
EHA04823_bin.158.fa.gz,EHA04823_bin.158.fa.gz,1.0,0.9951219512195122,463
nhnw_bin.414.fa.gz,EHA04823_bin.158.fa.gz,0.9439350000000001,0.2215909090909091,463
EHA04815_bin.184.fa.gz,nhnw_bin.414.fa.gz,0.901738,0.7507002801120448,463
EHA04823_bin.158.fa.gz,nhnw_bin.414.fa.gz,0.952547,0.9609756097560975,463
nhnw_bin.414.fa.gz,nhnw_bin.414.fa.gz,1.0,0.9977272727272727,463
EHA04815_bin.188.fa.gz,EHA04815_bin.188.fa.gz,1.0,1.0,330
EHA04815_bin.190.fa.gz,EHA04815_bin.190.fa.gz,1.0,0.9911894273127754,599
nhnw_bin.529.fa.gz,EHA04815_bin.190.fa.gz,0.911666,0.5464190981432361,599
EHA04815_bin.190.fa.gz,nhnw_bin.529.fa.gz,0.91423,0.9162995594713657,599
nhnw_bin.529.fa.gz,nhnw_bin.529.fa.gz,1.0,0.9893899204244032,599
EHA04815_bin.192.fa.gz,EHA04815_bin.192.fa.gz,1.0,0.9877300613496932,547
EHA04815_bin.198.fa.gz,EHA04815_bin.198.fa.gz,1.0,0.9678362573099415,165
EHA04815_bin.19.fa.gz,EHA04815_bin.19.fa.gz,1.0,0.9977358490566037,552
EHA04815_bin.1.fa.gz,EHA04815_bin.1.fa.gz,1.0,0.9799426934097422,103
EHA04815_bin.200.fa.gz,EHA04815_bin.200.fa.gz,0.999999,0.990506329113924,241
nhnw_bin.315.fa.gz,EHA04815_bin.200.fa.gz,0.972403,0.41389290882778584,241
EHA04815_bin.200.fa.gz,nhnw_bin.315.fa.gz,0.9755240000000001,0.9208860759493671,241
nhnw_bin.315.fa.gz,nhnw_bin.315.fa.gz,1.0,0.9826338639652678,241
EHA04815_bin.201.fa.gz,EHA04815_bin.201.fa.gz,1.0,0.9955357142857143,691
EHA04815_bin.211.fa.gz,EHA04815_bin.211.fa.gz,1.0,1.0,64
EHA04815_bin.23.fa.gz,EHA04815_bin.23.fa.gz,1.0,0.9797979797979798,211
EHA04815_bin.24.fa.gz,EHA04815_bin.24.fa.gz,1.0,0.9896694214876033,5
EHA04815_bin.26.fa.gz,EHA04815_bin.26.fa.gz,1.0,0.9779507133592736,768
EHA04815_bin.29.fa.gz,EHA04815_bin.29.fa.gz,1.0,0.9895833333333334,353
EHA04815_bin.31.fa.gz,EHA04815_bin.31.fa.gz,1.0,0.9884169884169884,554
EHA04815_bin.32.fa.gz,EHA04815_bin.32.fa.gz,1.0,0.9869186046511628,538
EHA04815_bin.34.fa.gz,EHA04815_bin.34.fa.gz,1.0,0.9903147699757869,232
EHA04815_bin.35.fa.gz,EHA04815_bin.35.fa.gz,1.0,0.9906542056074766,14
EHA04815_bin.36.fa.gz,EHA04815_bin.36.fa.gz,1.0,0.9728813559322034,137
EHA04815_bin.37.fa.gz,EHA04815_bin.37.fa.gz,1.0,0.9949874686716792,857
EHA04815_bin.39.fa.gz,EHA04815_bin.39.fa.gz,1.0,0.9803370786516854,810
EHA04815_bin.3.fa.gz,EHA04815_bin.3.fa.gz,1.0,0.9872773536895675,825
EHA04815_bin.40.fa.gz,EHA04815_bin.40.fa.gz,0.999999,0.9898477157360406,392
EHA04815_bin.41.fa.gz,EHA04815_bin.41.fa.gz,1.0,0.9842105263157894,37
EHA04815_bin.42.fa.gz,EHA04815_bin.42.fa.gz,1.0,0.9914285714285714,833
EHA04815_bin.44.fa.gz,EHA04815_bin.44.fa.gz,1.0,0.9898648648648649,153
EHA04815_bin.45.fa.gz,EHA04815_bin.45.fa.gz,0.999999,0.9783393501805054,154
EHA04815_bin.46.fa.gz,EHA04815_bin.46.fa.gz,1.0,0.9967105263157895,454
nhnw_bin.104.fa.gz,EHA04815_bin.46.fa.gz,0.941006,0.7976190476190477,454
EHA04815_bin.46.fa.gz,nhnw_bin.104.fa.gz,0.9402769999999999,0.7346491228070176,454
nhnw_bin.104.fa.gz,nhnw_bin.104.fa.gz,1.0,0.9988095238095238,454
EHA04815_bin.48.fa.gz,EHA04815_bin.48.fa.gz,1.0,0.9879807692307693,271
EHA04815_bin.4.fa.gz,EHA04815_bin.4.fa.gz,1.0,0.989406779661017,850
EHA04815_bin.51.fa.gz,EHA04815_bin.51.fa.gz,1.0,0.9731958762886598,712
EHA04815_bin.52.fa.gz,EHA04815_bin.52.fa.gz,1.0,0.9978118161925602,590
EHA04815_bin.53.fa.gz,EHA04815_bin.53.fa.gz,1.0,0.9607390300230947,156
EHA04823_bin.23.fa.gz,EHA04815_bin.53.fa.gz,0.974222,0.7185354691075515,156
nhnw_bin.374.fa.gz,EHA04815_bin.53.fa.gz,0.8900669999999999,0.4856661045531197,156
EHA04815_bin.53.fa.gz,EHA04823_bin.23.fa.gz,0.9751040000000001,0.7274826789838337,156
EHA04823_bin.23.fa.gz,EHA04823_bin.23.fa.gz,1.0,0.9954233409610984,156
nhnw_bin.374.fa.gz,EHA04823_bin.23.fa.gz,0.896451,0.49409780775716694,156
EHA04815_bin.53.fa.gz,nhnw_bin.374.fa.gz,0.8919419999999999,0.6466512702078522,156
EHA04823_bin.23.fa.gz,nhnw_bin.374.fa.gz,0.8932720000000001,0.6956521739130435,156
nhnw_bin.374.fa.gz,nhnw_bin.374.fa.gz,1.0,0.9932546374367622,156
EHA04815_bin.55.fa.gz,EHA04815_bin.55.fa.gz,1.0,0.9987277353689568,96
EHA04815_bin.56.fa.gz,EHA04815_bin.56.fa.gz,1.0,0.9832402234636871,339
EHA04815_bin.57.fa.gz,EHA04815_bin.57.fa.gz,1.0,1.0,113
EHA04815_bin.58.fa.gz,EHA04815_bin.58.fa.gz,1.0,0.988929889298893,784
EHA04815_bin.59.fa.gz,EHA04815_bin.59.fa.gz,1.0,0.9989316239316239,835
EHA04815_bin.5.fa.gz,EHA04815_bin.5.fa.gz,1.0,0.9966273187183811,832
EHA04815_bin.61.fa.gz,EHA04815_bin.61.fa.gz,1.0,0.9962962962962963,121
EHA04815_bin.64.fa.gz,EHA04815_bin.64.fa.gz,1.0,0.9924585218702866,140
EHA04815_bin.65.fa.gz,EHA04815_bin.65.fa.gz,1.0,0.9839357429718876,578
EHA04815_bin.66.fa.gz,EHA04815_bin.66.fa.gz,1.0,0.9785522788203753,322
EHA04815_bin.68.fa.gz,EHA04815_bin.68.fa.gz,1.0,0.9935064935064936,722
EHA04815_bin.70.fa.gz,EHA04815_bin.70.fa.gz,1.0,0.973753280839895,354
EHA04815_bin.71.fa.gz,EHA04815_bin.71.fa.gz,1.0,0.979381443298969,171
EHA04815_bin.72.fa.gz,EHA04815_bin.72.fa.gz,1.0,0.9971181556195965,839
EHA04815_bin.74.fa.gz,EHA04815_bin.74.fa.gz,1.0,0.9907550077041603,452
EHA04815_bin.76.fa.gz,EHA04815_bin.76.fa.gz,1.0,0.9916142557651991,629
EHA04815_bin.77.fa.gz,EHA04815_bin.77.fa.gz,1.0,0.9862385321100917,471
EHA04815_bin.78.fa.gz,EHA04815_bin.78.fa.gz,1.0,0.9902912621359223,99
EHA04823_bin.123.fa.gz,EHA04815_bin.78.fa.gz,0.957646,0.5378787878787878,99
EHA04815_bin.78.fa.gz,EHA04823_bin.123.fa.gz,0.956496,0.33495145631067963,99
EHA04823_bin.123.fa.gz,EHA04823_bin.123.fa.gz,1.0,0.9848484848484849,99
EHA04815_bin.79.fa.gz,EHA04815_bin.79.fa.gz,1.0,0.9871794871794872,791
EHA04815_bin.7.fa.gz,EHA04815_bin.7.fa.gz,1.0,0.9797101449275363,214
EHA04815_bin.80.fa.gz,EHA04815_bin.80.fa.gz,1.0,0.9980582524271845,286
EHA04815_bin.82.fa.gz,EHA04815_bin.82.fa.gz,1.0,0.9788135593220338,51
EHA04823_bin.106.fa.gz,EHA04815_bin.82.fa.gz,0.906819,0.703770197486535,51
EHA04815_bin.82.fa.gz,EHA04823_bin.106.fa.gz,0.909173,0.826271186440678,51
EHA04823_bin.106.fa.gz,EHA04823_bin.106.fa.gz,1.0,0.9820466786355476,51
EHA04815_bin.83.fa.gz,EHA04815_bin.83.fa.gz,0.999999,0.9701789264413518,206
EHA04815_bin.85.fa.gz,EHA04815_bin.85.fa.gz,1.0,0.9886363636363636,316
EHA04815_bin.88.fa.gz,EHA04815_bin.88.fa.gz,1.0,0.9801587301587301,143
EHA04815_bin.89.fa.gz,EHA04815_bin.89.fa.gz,0.999999,0.9831730769230769,17
EHA04815_bin.90.fa.gz,EHA04815_bin.90.fa.gz,1.0,1.0,572
EHA04815_bin.91.fa.gz,EHA04815_bin.91.fa.gz,1.0,0.9846153846153847,202
nhnw_bin.579.fa.gz,EHA04815_bin.91.fa.gz,0.929662,0.24507042253521127,202
EHA04815_bin.91.fa.gz,nhnw_bin.579.fa.gz,0.9352719999999999,0.9230769230769231,202
nhnw_bin.579.fa.gz,nhnw_bin.579.fa.gz,1.0,0.995774647887324,202
EHA04815_bin.92.fa.gz,EHA04815_bin.92.fa.gz,1.0,0.9944521497919556,299
EHA04815_bin.94.fa.gz,EHA04815_bin.94.fa.gz,1.0,1.0,374
EHA04815_bin.96.fa.gz,EHA04815_bin.96.fa.gz,1.0,0.9940711462450593,291
EHA04815_bin.97.fa.gz,EHA04815_bin.97.fa.gz,1.0,0.9982394366197183,789
EHA04815_bin.9.fa.gz,EHA04815_bin.9.fa.gz,1.0,0.9835164835164835,557
EHA04823_bin.100.fa.gz,EHA04823_bin.100.fa.gz,1.0,0.9805680119581465,340
EHA04823_bin.101.fa.gz,EHA04823_bin.101.fa.gz,1.0,0.9896551724137931,163
EHA04823_bin.102.fa.gz,EHA04823_bin.102.fa.gz,1.0,0.9770491803278688,814
EHA04823_bin.103.fa.gz,EHA04823_bin.103.fa.gz,1.0,0.9925,890
EHA04823_bin.104.fa.gz,EHA04823_bin.104.fa.gz,1.0,0.9842342342342343,843
EHA04823_bin.107.fa.gz,EHA04823_bin.107.fa.gz,1.0,0.990728476821192,847
EHA04823_bin.109.fa.gz,EHA04823_bin.109.fa.gz,1.0,0.9882075471698113,718
nhnw_bin.519.fa.gz,EHA04823_bin.109.fa.gz,0.8890309999999999,0.7278350515463917,718
EHA04823_bin.109.fa.gz,nhnw_bin.519.fa.gz,0.890056,0.8136792452830188,718
nhnw_bin.519.fa.gz,nhnw_bin.519.fa.gz,1.0,0.9876288659793815,718
EHA04823_bin.110.fa.gz,EHA04823_bin.110.fa.gz,1.0,0.9892665474060823,537
nhnw_bin.405.fa.gz,EHA04823_bin.110.fa.gz,0.945926,0.704323570432357,537
EHA04823_bin.110.fa.gz,nhnw_bin.405.fa.gz,0.949716,0.9123434704830053,537
nhnw_bin.405.fa.gz,nhnw_bin.405.fa.gz,1.0,0.9693165969316597,537
EHA04823_bin.111.fa.gz,EHA04823_bin.111.fa.gz,1.0,0.9956521739130435,777
EHA04823_bin.112.fa.gz,EHA04823_bin.112.fa.gz,1.0,0.996551724137931,12
nhnw_bin.420.fa.gz,EHA04823_bin.112.fa.gz,0.923829,0.8919491525423728,12
EHA04823_bin.112.fa.gz,nhnw_bin.420.fa.gz,0.9245260000000001,0.7293103448275862,12
nhnw_bin.420.fa.gz,nhnw_bin.420.fa.gz,0.999999,0.9957627118644068,12
EHA04823_bin.113.fa.gz,EHA04823_bin.113.fa.gz,1.0,0.9779735682819384,586
EHA04823_bin.114.fa.gz,EHA04823_bin.114.fa.gz,1.0,0.9798657718120806,553
EHA04823_bin.115.fa.gz,EHA04823_bin.115.fa.gz,0.999999,0.9782016348773842,312
EHA04823_bin.116.fa.gz,EHA04823_bin.116.fa.gz,1.0,0.993431855500821,782
nhnw_bin.433.fa.gz,EHA04823_bin.116.fa.gz,0.928062,0.8867924528301887,782
EHA04823_bin.116.fa.gz,nhnw_bin.433.fa.gz,0.928919,0.8374384236453202,782
nhnw_bin.433.fa.gz,nhnw_bin.433.fa.gz,1.0,0.9948542024013722,782
EHA04823_bin.117.fa.gz,EHA04823_bin.117.fa.gz,1.0,0.9981515711645101,652
EHA04823_bin.118.fa.gz,EHA04823_bin.118.fa.gz,0.999999,0.9859594383775351,369
nhnw_bin.387.fa.gz,EHA04823_bin.118.fa.gz,0.9421250000000001,0.823240589198036,369
EHA04823_bin.118.fa.gz,nhnw_bin.387.fa.gz,0.943439,0.765990639625585,369
nhnw_bin.387.fa.gz,nhnw_bin.387.fa.gz,1.0,0.983633387888707,369
EHA04823_bin.119.fa.gz,EHA04823_bin.119.fa.gz,1.0,0.9823321554770318,40
EHA04823_bin.120.fa.gz,EHA04823_bin.120.fa.gz,1.0,0.9921996879875195,198
nhnw_bin.565.fa.gz,EHA04823_bin.120.fa.gz,0.934628,0.8131386861313868,198
EHA04823_bin.120.fa.gz,nhnw_bin.565.fa.gz,0.934507,0.8705148205928237,198
nhnw_bin.565.fa.gz,nhnw_bin.565.fa.gz,1.0,0.9985401459854014,198
EHA04823_bin.122.fa.gz,EHA04823_bin.122.fa.gz,1.0,0.9888178913738019,803
nhnw_bin.368.fa.gz,EHA04823_bin.122.fa.gz,0.8945399999999999,0.7077826725403817,803
EHA04823_bin.122.fa.gz,nhnw_bin.368.fa.gz,0.895395,0.7779552715654952,803
nhnw_bin.368.fa.gz,nhnw_bin.368.fa.gz,1.0,0.9853157121879589,803
EHA04823_bin.125.fa.gz,EHA04823_bin.125.fa.gz,1.0,0.9844961240310077,315
nhnw_bin.2.fa.gz,EHA04823_bin.125.fa.gz,0.942971,0.8075539568345323,315
EHA04823_bin.125.fa.gz,nhnw_bin.2.fa.gz,0.9447570000000001,0.872093023255814,315
nhnw_bin.2.fa.gz,nhnw_bin.2.fa.gz,1.0,0.9910071942446043,315
EHA04823_bin.126.fa.gz,EHA04823_bin.126.fa.gz,1.0,0.9861259338313767,48
nhnw_bin.508.fa.gz,EHA04823_bin.126.fa.gz,0.943086,0.7644991212653779,48
EHA04823_bin.126.fa.gz,nhnw_bin.508.fa.gz,0.943956,0.9573105656350054,48
nhnw_bin.508.fa.gz,nhnw_bin.508.fa.gz,1.0,0.9964850615114236,48
EHA04823_bin.127.fa.gz,EHA04823_bin.127.fa.gz,1.0,0.993127147766323,54
EHA04823_bin.128.fa.gz,EHA04823_bin.128.fa.gz,1.0,0.9723320158102767,16
EHA04823_bin.130.fa.gz,EHA04823_bin.130.fa.gz,1.0,0.9930313588850174,829
nhnw_bin.547.fa.gz,EHA04823_bin.130.fa.gz,0.9351269999999999,0.821917808219178,829
EHA04823_bin.130.fa.gz,nhnw_bin.547.fa.gz,0.935514,0.7456445993031359,829
nhnw_bin.547.fa.gz,nhnw_bin.547.fa.gz,1.0,0.9823874755381604,829
EHA04823_bin.132.fa.gz,EHA04823_bin.132.fa.gz,1.0,0.9901960784313726,27
EHA04823_bin.133.fa.gz,EHA04823_bin.133.fa.gz,1.0,0.9846153846153847,383
EHA04823_bin.135.fa.gz,EHA04823_bin.135.fa.gz,1.0,1.0,817
EHA04823_bin.136.fa.gz,EHA04823_bin.136.fa.gz,1.0,1.0,385
EHA04823_bin.138.fa.gz,EHA04823_bin.138.fa.gz,1.0,0.9838274932614556,341
EHA04823_bin.13.fa.gz,EHA04823_bin.13.fa.gz,1.0,0.9898785425101214,855
nhnw_bin.370.fa.gz,EHA04823_bin.13.fa.gz,0.942824,0.8284023668639053,855
EHA04823_bin.13.fa.gz,nhnw_bin.370.fa.gz,0.942967,0.8582995951417004,855
nhnw_bin.370.fa.gz,nhnw_bin.370.fa.gz,1.0,0.9940828402366864,855
EHA04823_bin.140.fa.gz,EHA04823_bin.140.fa.gz,1.0,0.9832167832167832,348
EHA04823_bin.141.fa.gz,EHA04823_bin.141.fa.gz,1.0,0.9923664122137404,709
EHA04823_bin.142.fa.gz,EHA04823_bin.142.fa.gz,1.0,0.9809358752166378,4
nhnw_bin.16.fa.gz,EHA04823_bin.142.fa.gz,0.920311,0.7119476268412439,4
EHA04823_bin.142.fa.gz,nhnw_bin.16.fa.gz,0.918998,0.7694974003466204,4
nhnw_bin.16.fa.gz,nhnw_bin.16.fa.gz,1.0,0.9934533551554828,4
EHA04823_bin.144.fa.gz,EHA04823_bin.144.fa.gz,1.0,0.992721979621543,50
nhnw_bin.87.fa.gz,EHA04823_bin.144.fa.gz,0.971391,0.9334500875656743,50
EHA04823_bin.144.fa.gz,nhnw_bin.87.fa.gz,0.970401,0.7802037845705968,50
nhnw_bin.87.fa.gz,nhnw_bin.87.fa.gz,1.0,0.9982486865148862,50
EHA04823_bin.145.fa.gz,EHA04823_bin.145.fa.gz,1.0,0.9875518672199171,375
EHA04823_bin.146.fa.gz,EHA04823_bin.146.fa.gz,1.0,0.9808510638297873,124
nhnw_bin.562.fa.gz,EHA04823_bin.146.fa.gz,0.9506640000000001,0.593519882179676,124
EHA04823_bin.146.fa.gz,nhnw_bin.562.fa.gz,0.954594,0.8808510638297873,124
nhnw_bin.562.fa.gz,nhnw_bin.562.fa.gz,1.0,0.9955817378497791,124
EHA04823_bin.148.fa.gz,EHA04823_bin.148.fa.gz,1.0,0.9893758300132802,533
nhnw_bin.173.fa.gz,EHA04823_bin.148.fa.gz,0.916057,0.8668478260869565,533
EHA04823_bin.148.fa.gz,nhnw_bin.173.fa.gz,0.9171680000000001,0.8632138114209827,533
nhnw_bin.173.fa.gz,nhnw_bin.173.fa.gz,1.0,0.9959239130434783,533
EHA04823_bin.149.fa.gz,EHA04823_bin.149.fa.gz,1.0,0.988562091503268,588
nhnw_bin.369.fa.gz,EHA04823_bin.149.fa.gz,0.9116979999999999,0.6100766703176341,588
EHA04823_bin.149.fa.gz,nhnw_bin.369.fa.gz,0.9155979999999999,0.9477124183006536,588
nhnw_bin.369.fa.gz,nhnw_bin.369.fa.gz,1.0,0.9934282584884995,588
EHA04823_bin.150.fa.gz,EHA04823_bin.150.fa.gz,1.0,0.9924528301886792,592
EHA04823_bin.151.fa.gz,EHA04823_bin.151.fa.gz,1.0,0.993993993993994,686
EHA04823_bin.152.fa.gz,EHA04823_bin.152.fa.gz,1.0,0.9810526315789474,100
nhnw_bin.177.fa.gz,EHA04823_bin.152.fa.gz,0.9436,0.44421487603305787,100
EHA04823_bin.152.fa.gz,nhnw_bin.177.fa.gz,0.949898,0.9221052631578948,100
nhnw_bin.177.fa.gz,nhnw_bin.177.fa.gz,1.0,0.996900826446281,100
EHA04823_bin.154.fa.gz,EHA04823_bin.154.fa.gz,1.0,0.9903846153846154,441
nhnw_bin.79.fa.gz,EHA04823_bin.154.fa.gz,0.9762909999999999,0.3716129032258065,441
EHA04823_bin.154.fa.gz,nhnw_bin.79.fa.gz,0.984181,0.9294871794871795,441
nhnw_bin.79.fa.gz,nhnw_bin.79.fa.gz,1.0,0.9935483870967742,441
EHA04823_bin.155.fa.gz,EHA04823_bin.155.fa.gz,1.0,0.9879781420765027,856
nhnw_bin.210.fa.gz,EHA04823_bin.155.fa.gz,0.8829779999999999,0.8386004514672686,856
EHA04823_bin.155.fa.gz,nhnw_bin.210.fa.gz,0.8830370000000001,0.8032786885245902,856
nhnw_bin.210.fa.gz,nhnw_bin.210.fa.gz,1.0,0.9920993227990971,856
EHA04823_bin.156.fa.gz,EHA04823_bin.156.fa.gz,1.0,0.9949664429530202,542
EHA04823_bin.159.fa.gz,EHA04823_bin.159.fa.gz,1.0,0.9945255474452555,834
EHA04823_bin.15.fa.gz,EHA04823_bin.15.fa.gz,1.0,0.9830508474576272,826
EHA04823_bin.160.fa.gz,EHA04823_bin.160.fa.gz,1.0,0.9936788874841972,895
EHA04823_bin.162.fa.gz,EHA04823_bin.162.fa.gz,1.0,1.0,323
EHA04823_bin.163.fa.gz,EHA04823_bin.163.fa.gz,0.9999979999999999,0.9766536964980544,45
EHA04823_bin.164.fa.gz,EHA04823_bin.164.fa.gz,1.0,0.9957865168539326,57
nhnw_bin.186.fa.gz,EHA04823_bin.164.fa.gz,0.909783,0.8825174825174825,57
EHA04823_bin.164.fa.gz,nhnw_bin.186.fa.gz,0.9099809999999999,0.8862359550561798,57
nhnw_bin.186.fa.gz,nhnw_bin.186.fa.gz,1.0,0.972027972027972,57
EHA04823_bin.165.fa.gz,EHA04823_bin.165.fa.gz,1.0,0.9873015873015873,823
EHA04823_bin.166.fa.gz,EHA04823_bin.166.fa.gz,1.0,0.9898477157360406,464
EHA04823_bin.167.fa.gz,EHA04823_bin.167.fa.gz,1.0,0.9896373056994818,704
EHA04823_bin.168.fa.gz,EHA04823_bin.168.fa.gz,1.0,0.9722222222222222,700
EHA04823_bin.169.fa.gz,EHA04823_bin.169.fa.gz,1.0,0.9842105263157894,587
EHA04823_bin.170.fa.gz,EHA04823_bin.170.fa.gz,0.999999,0.9898734177215189,556
nhnw_bin.54.fa.gz,EHA04823_bin.170.fa.gz,0.915823,0.8073979591836735,556
EHA04823_bin.170.fa.gz,nhnw_bin.54.fa.gz,0.9164530000000001,0.8063291139240506,556
nhnw_bin.54.fa.gz,nhnw_bin.54.fa.gz,0.999999,0.9974489795918368,556
EHA04823_bin.171.fa.gz,EHA04823_bin.171.fa.gz,1.0,0.9864864864864865,177
EHA04823_bin.172.fa.gz,EHA04823_bin.172.fa.gz,1.0,0.9852034525277436,755
EHA04823_bin.174.fa.gz,EHA04823_bin.174.fa.gz,1.0,0.9963235294117647,659
EHA04823_bin.176.fa.gz,EHA04823_bin.176.fa.gz,1.0,0.9789473684210527,141
EHA04823_bin.179.fa.gz,EHA04823_bin.179.fa.gz,1.0,0.9967532467532467,577
nhnw_bin.494.fa.gz,EHA04823_bin.179.fa.gz,0.908458,0.843167701863354,577
EHA04823_bin.179.fa.gz,nhnw_bin.494.fa.gz,0.907663,0.9042207792207793,577
nhnw_bin.494.fa.gz,nhnw_bin.494.fa.gz,1.0,0.9953416149068323,577
EHA04823_bin.17.fa.gz,EHA04823_bin.17.fa.gz,1.0,0.9887429643527205,355
EHA04823_bin.180.fa.gz,EHA04823_bin.180.fa.gz,1.0,0.9955947136563876,380
EHA04823_bin.181.fa.gz,EHA04823_bin.181.fa.gz,1.0,0.9908536585365854,727
EHA04823_bin.182.fa.gz,EHA04823_bin.182.fa.gz,1.0,0.9864176570458404,152
EHA04823_bin.183.fa.gz,EHA04823_bin.183.fa.gz,0.999999,0.9887165021156559,230
nhnw_bin.223.fa.gz,EHA04823_bin.183.fa.gz,0.887956,0.7421777221526908,230
EHA04823_bin.183.fa.gz,nhnw_bin.223.fa.gz,0.88724,0.842031029619182,230
nhnw_bin.223.fa.gz,nhnw_bin.223.fa.gz,1.0,0.9937421777221527,230
EHA04823_bin.184.fa.gz,EHA04823_bin.184.fa.gz,1.0,0.9846860643185299,128
nhnw_bin.75.fa.gz,EHA04823_bin.184.fa.gz,0.947625,0.8661844484629295,128
EHA04823_bin.184.fa.gz,nhnw_bin.75.fa.gz,0.948793,0.7182235834609495,128
nhnw_bin.75.fa.gz,nhnw_bin.75.fa.gz,1.0,0.9873417721518988,128
EHA04823_bin.185.fa.gz,EHA04823_bin.185.fa.gz,1.0,0.9915611814345991,663
nhnw_bin.510.fa.gz,EHA04823_bin.185.fa.gz,0.995348,0.726962457337884,663
EHA04823_bin.185.fa.gz,nhnw_bin.510.fa.gz,0.9971850000000001,0.8945147679324894,663
nhnw_bin.510.fa.gz,nhnw_bin.510.fa.gz,1.0,0.9897610921501706,663
EHA04823_bin.186.fa.gz,EHA04823_bin.186.fa.gz,1.0,0.993920972644377,687
EHA04823_bin.187.fa.gz,EHA04823_bin.187.fa.gz,1.0,0.9806201550387597,735
EHA04823_bin.188.fa.gz,EHA04823_bin.188.fa.gz,1.0,0.9946737683089214,209
EHA04823_bin.189.fa.gz,EHA04823_bin.189.fa.gz,0.999999,0.9631336405529954,660
EHA04823_bin.18.fa.gz,EHA04823_bin.18.fa.gz,1.0,0.9896103896103896,523
EHA04823_bin.190.fa.gz,EHA04823_bin.190.fa.gz,1.0,0.9809885931558935,690
EHA04823_bin.191.fa.gz,EHA04823_bin.191.fa.gz,0.9999979999999999,0.9865771812080537,674
EHA04823_bin.194.fa.gz,EHA04823_bin.194.fa.gz,1.0,0.9958419958419958,682
EHA04823_bin.195.fa.gz,EHA04823_bin.195.fa.gz,1.0,1.0,684
EHA04823_bin.198.fa.gz,EHA04823_bin.198.fa.gz,1.0,0.9818181818181818,545
EHA04823_bin.19.fa.gz,EHA04823_bin.19.fa.gz,1.0,0.993573264781491,796
nhnw_bin.229.fa.gz,EHA04823_bin.19.fa.gz,0.918993,0.8951965065502183,796
EHA04823_bin.19.fa.gz,nhnw_bin.229.fa.gz,0.918805,0.8059125964010283,796
nhnw_bin.229.fa.gz,nhnw_bin.229.fa.gz,1.0,0.992721979621543,796
EHA04823_bin.1.fa.gz,EHA04823_bin.1.fa.gz,1.0,0.9852941176470589,204
EHA04823_bin.200.fa.gz,EHA04823_bin.200.fa.gz,1.0,0.9952380952380953,604
EHA04823_bin.201.fa.gz,EHA04823_bin.201.fa.gz,1.0,0.9901960784313726,595
EHA04823_bin.202.fa.gz,EHA04823_bin.202.fa.gz,1.0,0.9890829694323144,597
EHA04823_bin.203.fa.gz,EHA04823_bin.203.fa.gz,1.0,0.9956427015250545,642
EHA04823_bin.204.fa.gz,EHA04823_bin.204.fa.gz,1.0,0.9978902953586498,765
EHA04823_bin.205.fa.gz,EHA04823_bin.205.fa.gz,1.0,0.9805825242718447,256
EHA04823_bin.206.fa.gz,EHA04823_bin.206.fa.gz,1.0,0.9955357142857143,250
nhnw_bin.538.fa.gz,EHA04823_bin.206.fa.gz,0.947851,0.8591800356506238,250
EHA04823_bin.206.fa.gz,nhnw_bin.538.fa.gz,0.946819,0.7127976190476191,250
nhnw_bin.538.fa.gz,nhnw_bin.538.fa.gz,1.0,0.9964349376114082,250
EHA04823_bin.207.fa.gz,EHA04823_bin.207.fa.gz,1.0,0.987012987012987,783
nhnw_bin.555.fa.gz,EHA04823_bin.207.fa.gz,0.8770749999999999,0.8195615514333895,783
EHA04823_bin.207.fa.gz,nhnw_bin.555.fa.gz,0.876833,0.8035714285714286,783
nhnw_bin.555.fa.gz,nhnw_bin.555.fa.gz,1.0,0.9865092748735245,783
EHA04823_bin.208.fa.gz,EHA04823_bin.208.fa.gz,1.0,0.9964285714285714,808
nhnw_bin.19.fa.gz,EHA04823_bin.208.fa.gz,0.9054559999999999,0.9268817204301075,808
EHA04823_bin.208.fa.gz,nhnw_bin.19.fa.gz,0.9063880000000001,0.7714285714285715,808
nhnw_bin.19.fa.gz,nhnw_bin.19.fa.gz,1.0,0.9956989247311828,808
EHA04823_bin.209.fa.gz,EHA04823_bin.209.fa.gz,1.0,0.9905660377358491,732
EHA04823_bin.20.fa.gz,EHA04823_bin.20.fa.gz,1.0,0.9894736842105263,326
EHA04823_bin.211.fa.gz,EHA04823_bin.211.fa.gz,1.0,0.9941520467836257,173
EHA04823_bin.212.fa.gz,EHA04823_bin.212.fa.gz,1.0,0.9952229299363057,395
EHA04823_bin.213.fa.gz,EHA04823_bin.213.fa.gz,0.999999,0.9877675840978594,543
nhnw_bin.291.fa.gz,EHA04823_bin.213.fa.gz,0.9013909999999999,0.7916018662519441,543
EHA04823_bin.213.fa.gz,nhnw_bin.291.fa.gz,0.9013639999999999,0.7782874617737003,543
nhnw_bin.291.fa.gz,nhnw_bin.291.fa.gz,1.0,0.973561430793157,543
EHA04823_bin.214.fa.gz,EHA04823_bin.214.fa.gz,1.0,0.9955686853766618,261
EHA04823_bin.215.fa.gz,EHA04823_bin.215.fa.gz,1.0,0.9900990099009901,667
EHA04823_bin.216.fa.gz,EHA04823_bin.216.fa.gz,1.0,0.984375,678
EHA04823_bin.217.fa.gz,EHA04823_bin.217.fa.gz,1.0,0.9764309764309764,600
EHA04823_bin.219.fa.gz,EHA04823_bin.219.fa.gz,1.0,0.9875583203732504,158
nhnw_bin.509.fa.gz,EHA04823_bin.219.fa.gz,0.9575910000000001,0.7144736842105263,158
EHA04823_bin.219.fa.gz,nhnw_bin.509.fa.gz,0.9582219999999999,0.8506998444790047,158
nhnw_bin.509.fa.gz,nhnw_bin.509.fa.gz,1.0,0.9894736842105263,158
EHA04823_bin.220.fa.gz,EHA04823_bin.220.fa.gz,1.0,0.9973544973544973,683
EHA04823_bin.221.fa.gz,EHA04823_bin.221.fa.gz,1.0,0.9818181818181818,730
EHA04823_bin.222.fa.gz,EHA04823_bin.222.fa.gz,1.0,0.989041095890411,257
EHA04823_bin.223.fa.gz,EHA04823_bin.223.fa.gz,1.0,0.9972067039106145,480
EHA04823_bin.224.fa.gz,EHA04823_bin.224.fa.gz,1.0,1.0,619
EHA04823_bin.225.fa.gz,EHA04823_bin.225.fa.gz,1.0,0.9872813990461049,481
EHA04823_bin.226.fa.gz,EHA04823_bin.226.fa.gz,1.0,0.9919517102615694,44
EHA04823_bin.227.fa.gz,EHA04823_bin.227.fa.gz,0.999999,0.9805555555555555,272
EHA04823_bin.228.fa.gz,EHA04823_bin.228.fa.gz,1.0,0.995575221238938,314
EHA04823_bin.229.fa.gz,EHA04823_bin.229.fa.gz,1.0,0.9780701754385965,751
nhnw_bin.581.fa.gz,EHA04823_bin.229.fa.gz,0.924661,0.7110091743119266,751
EHA04823_bin.229.fa.gz,nhnw_bin.581.fa.gz,0.925094,0.6754385964912281,751
nhnw_bin.581.fa.gz,nhnw_bin.581.fa.gz,1.0,0.9954128440366973,751
EHA04823_bin.22.fa.gz,EHA04823_bin.22.fa.gz,1.0,0.996969696969697,567
EHA04823_bin.230.fa.gz,EHA04823_bin.230.fa.gz,1.0,0.9973404255319149,872
EHA04823_bin.231.fa.gz,EHA04823_bin.231.fa.gz,0.999999,0.9833641404805915,748
EHA04823_bin.232.fa.gz,EHA04823_bin.232.fa.gz,0.999999,0.9939759036144579,274
EHA04823_bin.233.fa.gz,EHA04823_bin.233.fa.gz,1.0,0.9870967741935484,723
nhnw_bin.304.fa.gz,EHA04823_bin.233.fa.gz,0.944041,0.3887147335423197,723
EHA04823_bin.233.fa.gz,nhnw_bin.304.fa.gz,0.949141,0.8193548387096774,723
nhnw_bin.304.fa.gz,nhnw_bin.304.fa.gz,1.0,0.9843260188087775,723
EHA04823_bin.234.fa.gz,EHA04823_bin.234.fa.gz,1.0,0.9931740614334471,665
EHA04823_bin.236.fa.gz,EHA04823_bin.236.fa.gz,1.0,0.9763313609467456,486
EHA04823_bin.237.fa.gz,EHA04823_bin.237.fa.gz,1.0,0.9951690821256038,771
EHA04823_bin.238.fa.gz,EHA04823_bin.238.fa.gz,1.0,0.9956803455723542,6
nhnw_bin.591.fa.gz,EHA04823_bin.238.fa.gz,0.909548,0.8262108262108262,6
EHA04823_bin.238.fa.gz,nhnw_bin.591.fa.gz,0.906805,0.6263498920086393,6
nhnw_bin.591.fa.gz,nhnw_bin.591.fa.gz,1.0,0.9772079772079773,6
EHA04823_bin.240.fa.gz,EHA04823_bin.240.fa.gz,1.0,0.9862068965517241,133
nhnw_bin.525.fa.gz,EHA04823_bin.240.fa.gz,0.9336450000000001,0.5877659574468085,133
EHA04823_bin.240.fa.gz,nhnw_bin.525.fa.gz,0.934273,0.7689655172413793,133
nhnw_bin.525.fa.gz,nhnw_bin.525.fa.gz,1.0,0.9933510638297872,133
EHA04823_bin.241.fa.gz,EHA04823_bin.241.fa.gz,1.0,0.9953051643192489,61
nhnw_bin.378.fa.gz,EHA04823_bin.241.fa.gz,0.90457,0.35913978494623655,61
EHA04823_bin.241.fa.gz,nhnw_bin.378.fa.gz,0.909324,0.7746478873239436,61
nhnw_bin.378.fa.gz,nhnw_bin.378.fa.gz,1.0,0.9827956989247312,61
EHA04823_bin.242.fa.gz,EHA04823_bin.242.fa.gz,1.0,0.9880952380952381,702
EHA04823_bin.243.fa.gz,EHA04823_bin.243.fa.gz,1.0,0.9965217391304347,650
EHA04823_bin.244.fa.gz,EHA04823_bin.244.fa.gz,1.0,1.0,679
EHA04823_bin.245.fa.gz,EHA04823_bin.245.fa.gz,1.0,0.9893617021276596,676
EHA04823_bin.246.fa.gz,EHA04823_bin.246.fa.gz,1.0,0.9940119760479041,568
EHA04823_bin.247.fa.gz,EHA04823_bin.247.fa.gz,1.0,0.9897959183673469,228
EHA04823_bin.248.fa.gz,EHA04823_bin.248.fa.gz,1.0,1.0,495
EHA04823_bin.249.fa.gz,EHA04823_bin.249.fa.gz,1.0,0.9831460674157303,647
EHA04823_bin.24.fa.gz,EHA04823_bin.24.fa.gz,1.0,0.9978813559322034,656
EHA04823_bin.250.fa.gz,EHA04823_bin.250.fa.gz,1.0,0.9966666666666667,267
nhnw_bin.56.fa.gz,EHA04823_bin.250.fa.gz,0.929009,0.8754512635379061,267
EHA04823_bin.250.fa.gz,nhnw_bin.56.fa.gz,0.927243,0.7983333333333333,267
nhnw_bin.56.fa.gz,nhnw_bin.56.fa.gz,1.0,0.9981949458483754,267
EHA04823_bin.251.fa.gz,EHA04823_bin.251.fa.gz,1.0,0.9860896445131375,220
nhnw_bin.118.fa.gz,EHA04823_bin.251.fa.gz,0.945338,0.7730978260869565,220
EHA04823_bin.251.fa.gz,nhnw_bin.118.fa.gz,0.945279,0.8948995363214838,220
nhnw_bin.118.fa.gz,nhnw_bin.118.fa.gz,1.0,0.9932065217391305,220
EHA04823_bin.252.fa.gz,EHA04823_bin.252.fa.gz,1.0,0.9988636363636364,888
EHA04823_bin.253.fa.gz,EHA04823_bin.253.fa.gz,1.0,0.9950576606260296,573
EHA04823_bin.254.fa.gz,EHA04823_bin.254.fa.gz,1.0,0.9882659713168188,468
nhnw_bin.124.fa.gz,EHA04823_bin.254.fa.gz,0.93881,0.7239101717305152,468
EHA04823_bin.254.fa.gz,nhnw_bin.124.fa.gz,0.939933,0.7340286831812256,468
nhnw_bin.124.fa.gz,nhnw_bin.124.fa.gz,1.0,0.9986789960369881,468
EHA04823_bin.255.fa.gz,EHA04823_bin.255.fa.gz,1.0,0.9977827050997783,361
EHA04823_bin.256.fa.gz,EHA04823_bin.256.fa.gz,1.0,0.9952681388012619,794
nhnw_bin.208.fa.gz,EHA04823_bin.256.fa.gz,0.972633,0.8912337662337663,794
EHA04823_bin.256.fa.gz,nhnw_bin.208.fa.gz,0.9734130000000001,0.8564668769716088,794
nhnw_bin.208.fa.gz,nhnw_bin.208.fa.gz,1.0,0.9967532467532467,794
EHA04823_bin.257.fa.gz,EHA04823_bin.257.fa.gz,1.0,0.9781021897810219,675
EHA04823_bin.258.fa.gz,EHA04823_bin.258.fa.gz,1.0,0.9909365558912386,661
EHA04823_bin.259.fa.gz,EHA04823_bin.259.fa.gz,1.0,0.982421875,136
nhnw_bin.346.fa.gz,EHA04823_bin.259.fa.gz,0.9106350000000001,0.7521367521367521,136
EHA04823_bin.259.fa.gz,nhnw_bin.346.fa.gz,0.910022,0.6953125,136
nhnw_bin.346.fa.gz,nhnw_bin.346.fa.gz,1.0,0.9850427350427351,136
EHA04823_bin.25.fa.gz,EHA04823_bin.25.fa.gz,1.0,0.989247311827957,525
nhnw_bin.580.fa.gz,EHA04823_bin.25.fa.gz,0.905179,0.6865482233502538,525
EHA04823_bin.25.fa.gz,nhnw_bin.580.fa.gz,0.9058320000000001,0.8448540706605223,525
nhnw_bin.580.fa.gz,nhnw_bin.580.fa.gz,1.0,0.9961928934010152,525
EHA04823_bin.261.fa.gz,EHA04823_bin.261.fa.gz,1.0,0.9948979591836735,280
EHA04823_bin.262.fa.gz,EHA04823_bin.262.fa.gz,1.0,0.9931350114416476,205
EHA04823_bin.263.fa.gz,EHA04823_bin.263.fa.gz,1.0,0.981081081081081,227
nhnw_bin.567.fa.gz,EHA04823_bin.263.fa.gz,0.9834350000000001,0.49226006191950467,227
EHA04823_bin.263.fa.gz,nhnw_bin.567.fa.gz,0.988735,0.8972972972972973,227
nhnw_bin.567.fa.gz,nhnw_bin.567.fa.gz,1.0,0.9907120743034056,227
EHA04823_bin.264.fa.gz,EHA04823_bin.264.fa.gz,1.0,0.9960861056751468,627
EHA04823_bin.265.fa.gz,EHA04823_bin.265.fa.gz,0.999999,0.9923076923076923,668
EHA04823_bin.266.fa.gz,EHA04823_bin.266.fa.gz,1.0,0.9948453608247423,630
nhnw_bin.514.fa.gz,EHA04823_bin.266.fa.gz,0.8785850000000001,0.8139904610492846,630
EHA04823_bin.266.fa.gz,nhnw_bin.514.fa.gz,0.878865,0.8865979381443299,630
nhnw_bin.514.fa.gz,nhnw_bin.514.fa.gz,1.0,0.9920508744038156,630
EHA04823_bin.267.fa.gz,EHA04823_bin.267.fa.gz,1.0,0.9832402234636871,737
EHA04823_bin.268.fa.gz,EHA04823_bin.268.fa.gz,1.0,0.9907550077041603,334
EHA04823_bin.26.fa.gz,EHA04823_bin.26.fa.gz,1.0,0.9959623149394348,239
EHA04823_bin.270.fa.gz,EHA04823_bin.270.fa.gz,1.0,0.992462311557789,138
EHA04823_bin.271.fa.gz,EHA04823_bin.271.fa.gz,1.0,1.0,626
EHA04823_bin.272.fa.gz,EHA04823_bin.272.fa.gz,1.0,0.9950083194675541,196
EHA04823_bin.273.fa.gz,EHA04823_bin.273.fa.gz,1.0,0.9933110367892977,144
EHA04823_bin.274.fa.gz,EHA04823_bin.274.fa.gz,1.0,0.9953125,19
nhnw_bin.534.fa.gz,EHA04823_bin.274.fa.gz,0.919438,0.8936850519584333,19
EHA04823_bin.274.fa.gz,nhnw_bin.534.fa.gz,0.9193779999999999,0.88046875,19
nhnw_bin.534.fa.gz,nhnw_bin.534.fa.gz,1.0,0.9944044764188649,19
EHA04823_bin.275.fa.gz,EHA04823_bin.275.fa.gz,1.0,0.9981549815498155,279
nhnw_bin.402.fa.gz,EHA04823_bin.275.fa.gz,0.91232,0.9095127610208816,279
EHA04823_bin.275.fa.gz,nhnw_bin.402.fa.gz,0.91345,0.7361623616236163,279
nhnw_bin.402.fa.gz,nhnw_bin.402.fa.gz,1.0,0.9837587006960556,279
EHA04823_bin.276.fa.gz,EHA04823_bin.276.fa.gz,1.0,0.9890710382513661,618
EHA04823_bin.277.fa.gz,EHA04823_bin.277.fa.gz,0.999999,0.9928825622775801,662
EHA04823_bin.278.fa.gz,EHA04823_bin.278.fa.gz,1.0,0.9765625,237
nhnw_bin.92.fa.gz,EHA04823_bin.278.fa.gz,0.978446,0.5791666666666667,237
EHA04823_bin.278.fa.gz,nhnw_bin.92.fa.gz,0.9830549999999999,0.814453125,237
nhnw_bin.92.fa.gz,nhnw_bin.92.fa.gz,0.999999,0.9791666666666666,237
EHA04823_bin.279.fa.gz,EHA04823_bin.279.fa.gz,1.0,0.984182776801406,75
nhnw_bin.564.fa.gz,EHA04823_bin.279.fa.gz,0.9394119999999999,0.4725168756027001,75
EHA04823_bin.279.fa.gz,nhnw_bin.564.fa.gz,0.943977,0.8488576449912126,75
nhnw_bin.564.fa.gz,nhnw_bin.564.fa.gz,1.0,0.9951783992285439,75
EHA04823_bin.27.fa.gz,EHA04823_bin.27.fa.gz,0.999999,0.9887218045112782,304
EHA04823_bin.281.fa.gz,EHA04823_bin.281.fa.gz,1.0,0.9738219895287958,714
EHA04823_bin.282.fa.gz,EHA04823_bin.282.fa.gz,1.0,0.9830508474576272,127
EHA04823_bin.2.fa.gz,EHA04823_bin.2.fa.gz,1.0,0.988173455978975,39
nhnw_bin.526.fa.gz,EHA04823_bin.2.fa.gz,0.928699,0.8069241011984021,39
EHA04823_bin.2.fa.gz,nhnw_bin.526.fa.gz,0.9278839999999999,0.8002628120893561,39
nhnw_bin.526.fa.gz,nhnw_bin.526.fa.gz,1.0,0.9986684420772304,39
EHA04823_bin.302.fa.gz,EHA04823_bin.302.fa.gz,1.0,0.9894179894179894,71
EHA04823_bin.303.fa.gz,EHA04823_bin.303.fa.gz,1.0,0.9722222222222222,734
EHA04823_bin.34.fa.gz,EHA04823_bin.34.fa.gz,0.9999979999999999,0.9886363636363636,222
nhnw_bin.232.fa.gz,EHA04823_bin.34.fa.gz,0.9605889999999999,0.30098684210526316,222
EHA04823_bin.34.fa.gz,nhnw_bin.232.fa.gz,0.96505,0.7386363636363636,222
nhnw_bin.232.fa.gz,nhnw_bin.232.fa.gz,1.0,0.9786184210526315,222
EHA04823_bin.35.fa.gz,EHA04823_bin.35.fa.gz,1.0,0.9913544668587896,512
nhnw_bin.125.fa.gz,EHA04823_bin.35.fa.gz,0.9403959999999999,0.5070202808112324,512
EHA04823_bin.35.fa.gz,nhnw_bin.125.fa.gz,0.945107,0.9337175792507204,512
nhnw_bin.125.fa.gz,nhnw_bin.125.fa.gz,1.0,0.9984399375975039,512
EHA04823_bin.36.fa.gz,EHA04823_bin.36.fa.gz,1.0,0.9917469050894085,858
nhnw_bin.354.fa.gz,EHA04823_bin.36.fa.gz,0.936591,0.8549931600547196,858
EHA04823_bin.36.fa.gz,nhnw_bin.354.fa.gz,0.936289,0.8693259972489684,858
nhnw_bin.354.fa.gz,nhnw_bin.354.fa.gz,1.0,0.9931600547195623,858
EHA04823_bin.38.fa.gz,EHA04823_bin.38.fa.gz,1.0,0.9890510948905109,721
nhnw_bin.399.fa.gz,EHA04823_bin.38.fa.gz,0.9244370000000001,0.8681506849315068,721
EHA04823_bin.38.fa.gz,nhnw_bin.399.fa.gz,0.9251619999999999,0.9124087591240876,721
nhnw_bin.399.fa.gz,nhnw_bin.399.fa.gz,1.0,0.9965753424657534,721
EHA04823_bin.39.fa.gz,EHA04823_bin.39.fa.gz,1.0,0.9739952718676123,744
nhnw_bin.20.fa.gz,EHA04823_bin.39.fa.gz,0.9507819999999999,0.5588235294117647,744
EHA04823_bin.39.fa.gz,nhnw_bin.20.fa.gz,0.9525570000000001,0.7399527186761229,744
nhnw_bin.20.fa.gz,nhnw_bin.20.fa.gz,1.0,0.9871323529411765,744
EHA04823_bin.40.fa.gz,EHA04823_bin.40.fa.gz,1.0,0.991578947368421,159
EHA04823_bin.41.fa.gz,EHA04823_bin.41.fa.gz,1.0,0.9946949602122016,899
nhnw_bin.126.fa.gz,EHA04823_bin.41.fa.gz,0.977214,0.9181692094313454,899
EHA04823_bin.41.fa.gz,nhnw_bin.126.fa.gz,0.9773470000000001,0.876657824933687,899
nhnw_bin.126.fa.gz,nhnw_bin.126.fa.gz,1.0,0.9944521497919556,899
EHA04823_bin.42.fa.gz,EHA04823_bin.42.fa.gz,1.0,1.0,10
nhnw_bin.12.fa.gz,EHA04823_bin.42.fa.gz,0.950434,0.17227722772277226,10
EHA04823_bin.42.fa.gz,nhnw_bin.12.fa.gz,0.960146,0.9456521739130435,10
nhnw_bin.12.fa.gz,nhnw_bin.12.fa.gz,1.0,0.9920792079207921,10
EHA04823_bin.43.fa.gz,EHA04823_bin.43.fa.gz,1.0,0.9948387096774194,841
nhnw_bin.18.fa.gz,EHA04823_bin.43.fa.gz,0.898356,0.8024502297090352,841
EHA04823_bin.43.fa.gz,nhnw_bin.18.fa.gz,0.897053,0.68,841
nhnw_bin.18.fa.gz,nhnw_bin.18.fa.gz,1.0,0.9862174578866769,841
EHA04823_bin.44.fa.gz,EHA04823_bin.44.fa.gz,0.999999,0.9840182648401826,720
nhnw_bin.598.fa.gz,EHA04823_bin.44.fa.gz,0.9399379999999999,0.5678571428571428,720
EHA04823_bin.44.fa.gz,nhnw_bin.598.fa.gz,0.941658,0.7420091324200914,720
nhnw_bin.598.fa.gz,nhnw_bin.598.fa.gz,1.0,1.0,720
EHA04823_bin.45.fa.gz,EHA04823_bin.45.fa.gz,1.0,0.9980657640232108,516
nhnw_bin.320.fa.gz,EHA04823_bin.45.fa.gz,0.928404,0.922077922077922,516
EHA04823_bin.45.fa.gz,nhnw_bin.320.fa.gz,0.927724,0.8239845261121856,516
nhnw_bin.320.fa.gz,nhnw_bin.320.fa.gz,1.0,0.9978354978354979,516
EHA04823_bin.48.fa.gz,EHA04823_bin.48.fa.gz,1.0,0.989247311827957,593
EHA04823_bin.49.fa.gz,EHA04823_bin.49.fa.gz,1.0,0.9864864864864865,292
EHA04823_bin.4.fa.gz,EHA04823_bin.4.fa.gz,1.0,0.993322203672788,319
EHA04823_bin.51.fa.gz,EHA04823_bin.51.fa.gz,0.999999,1.0,596
EHA04823_bin.53.fa.gz,EHA04823_bin.53.fa.gz,0.999999,0.9950980392156863,774
EHA04823_bin.54.fa.gz,EHA04823_bin.54.fa.gz,1.0,0.996996996996997,563
EHA04823_bin.55.fa.gz,EHA04823_bin.55.fa.gz,1.0,0.9805825242718447,410
nhnw_bin.390.fa.gz,EHA04823_bin.55.fa.gz,0.9568470000000001,0.5065693430656935,410
EHA04823_bin.55.fa.gz,nhnw_bin.390.fa.gz,0.962771,0.8592233009708737,410
nhnw_bin.390.fa.gz,nhnw_bin.390.fa.gz,1.0,0.983941605839416,410
EHA04823_bin.56.fa.gz,EHA04823_bin.56.fa.gz,1.0,0.98,570
EHA04823_bin.57.fa.gz,EHA04823_bin.57.fa.gz,1.0,0.998589562764457,892
nhnw_bin.382.fa.gz,EHA04823_bin.57.fa.gz,0.978109,0.8320413436692506,892
EHA04823_bin.57.fa.gz,nhnw_bin.382.fa.gz,0.978637,0.9139633286318759,892
nhnw_bin.382.fa.gz,nhnw_bin.382.fa.gz,1.0,0.9987080103359173,892
EHA04823_bin.58.fa.gz,EHA04823_bin.58.fa.gz,1.0,0.984375,200
nhnw_bin.596.fa.gz,EHA04823_bin.58.fa.gz,0.967634,0.29525483304042177,200
EHA04823_bin.58.fa.gz,nhnw_bin.596.fa.gz,0.97566,0.8854166666666666,200
nhnw_bin.596.fa.gz,nhnw_bin.596.fa.gz,1.0,0.9912126537785588,200
EHA04823_bin.59.fa.gz,EHA04823_bin.59.fa.gz,1.0,0.9852459016393442,613
EHA04823_bin.60.fa.gz,EHA04823_bin.60.fa.gz,1.0,1.0,13
EHA04823_bin.61.fa.gz,EHA04823_bin.61.fa.gz,1.0,0.9767141009055628,337
nhnw_bin.256.fa.gz,EHA04823_bin.61.fa.gz,0.9795569999999999,0.7391774891774892,337
EHA04823_bin.61.fa.gz,nhnw_bin.256.fa.gz,0.982004,0.8926261319534282,337
nhnw_bin.256.fa.gz,nhnw_bin.256.fa.gz,1.0,0.9913419913419913,337
EHA04823_bin.62.fa.gz,EHA04823_bin.62.fa.gz,1.0,0.9835616438356164,164
EHA04823_bin.63.fa.gz,EHA04823_bin.63.fa.gz,1.0,0.9700272479564033,52
EHA04823_bin.64.fa.gz,EHA04823_bin.64.fa.gz,1.0,0.9752747252747253,32
nhnw_bin.477.fa.gz,EHA04823_bin.64.fa.gz,0.9593269999999999,0.6293436293436293,32
EHA04823_bin.64.fa.gz,nhnw_bin.477.fa.gz,0.961541,0.9038461538461539,32
nhnw_bin.477.fa.gz,nhnw_bin.477.fa.gz,1.0,0.9942084942084942,32
EHA04823_bin.65.fa.gz,EHA04823_bin.65.fa.gz,1.0,0.9902912621359223,221
nhnw_bin.344.fa.gz,EHA04823_bin.65.fa.gz,0.8994240000000001,0.16226415094339622,221
EHA04823_bin.65.fa.gz,nhnw_bin.344.fa.gz,0.916409,0.7961165048543689,221
nhnw_bin.344.fa.gz,nhnw_bin.344.fa.gz,1.0,0.9754716981132076,221
EHA04823_bin.66.fa.gz,EHA04823_bin.66.fa.gz,1.0,0.9912536443148688,116
nhnw_bin.152.fa.gz,EHA04823_bin.66.fa.gz,0.965406,0.3711467324290999,116
EHA04823_bin.66.fa.gz,nhnw_bin.152.fa.gz,0.973797,0.8775510204081632,116
nhnw_bin.152.fa.gz,nhnw_bin.152.fa.gz,1.0,0.9889025893958077,116
EHA04823_bin.67.fa.gz,EHA04823_bin.67.fa.gz,1.0,0.9980487804878049,418
EHA04823_bin.68.fa.gz,EHA04823_bin.68.fa.gz,1.0,0.9836065573770492,105
EHA04823_bin.69.fa.gz,EHA04823_bin.69.fa.gz,1.0,0.9801980198019802,780
nhnw_bin.123.fa.gz,EHA04823_bin.69.fa.gz,0.9606629999999999,0.721868365180467,780
EHA04823_bin.69.fa.gz,nhnw_bin.123.fa.gz,0.963161,0.8688118811881188,780
nhnw_bin.123.fa.gz,nhnw_bin.123.fa.gz,1.0,0.9936305732484076,780
EHA04823_bin.6.fa.gz,EHA04823_bin.6.fa.gz,1.0,0.9832402234636871,85
EHA04823_bin.70.fa.gz,EHA04823_bin.70.fa.gz,1.0,0.9794168096054888,818
nhnw_bin.10.fa.gz,EHA04823_bin.70.fa.gz,0.905019,0.8619402985074627,818
EHA04823_bin.70.fa.gz,nhnw_bin.10.fa.gz,0.9045839999999999,0.7855917667238422,818
nhnw_bin.10.fa.gz,nhnw_bin.10.fa.gz,1.0,0.9944029850746269,818
EHA04823_bin.71.fa.gz,EHA04823_bin.71.fa.gz,1.0,0.9857142857142858,664
EHA04823_bin.73.fa.gz,EHA04823_bin.73.fa.gz,1.0,0.9815950920245399,882
EHA04823_bin.74.fa.gz,EHA04823_bin.74.fa.gz,1.0,0.9836363636363636,550
nhnw_bin.45.fa.gz,EHA04823_bin.74.fa.gz,0.8949339999999999,0.6129458388375165,550
EHA04823_bin.74.fa.gz,nhnw_bin.45.fa.gz,0.8975270000000001,0.8272727272727273,550
nhnw_bin.45.fa.gz,nhnw_bin.45.fa.gz,1.0,0.9775429326287979,550
EHA04823_bin.75.fa.gz,EHA04823_bin.75.fa.gz,1.0,0.9986072423398329,885
EHA04823_bin.76.fa.gz,EHA04823_bin.76.fa.gz,1.0,0.9898477157360406,88
EHA04823_bin.80.fa.gz,EHA04823_bin.80.fa.gz,1.0,0.9853658536585366,324
nhnw_bin.592.fa.gz,EHA04823_bin.80.fa.gz,0.9372060000000001,0.564748201438849,324
EHA04823_bin.80.fa.gz,nhnw_bin.592.fa.gz,0.940595,0.7853658536585366,324
nhnw_bin.592.fa.gz,nhnw_bin.592.fa.gz,1.0,0.9910071942446043,324
EHA04823_bin.82.fa.gz,EHA04823_bin.82.fa.gz,1.0,0.9925373134328358,788
nhnw_bin.97.fa.gz,EHA04823_bin.82.fa.gz,0.940283,0.8252569750367107,788
EHA04823_bin.82.fa.gz,nhnw_bin.97.fa.gz,0.9407049999999999,0.8417910447761194,788
nhnw_bin.97.fa.gz,nhnw_bin.97.fa.gz,1.0,0.9970631424375918,788
EHA04823_bin.83.fa.gz,EHA04823_bin.83.fa.gz,0.999999,0.9898107714701602,320
EHA04823_bin.84.fa.gz,EHA04823_bin.84.fa.gz,1.0,0.9865470852017937,22
EHA04823_bin.85.fa.gz,EHA04823_bin.85.fa.gz,0.999999,0.9778761061946902,309
EHA04823_bin.86.fa.gz,EHA04823_bin.86.fa.gz,1.0,1.0,215
EHA04823_bin.87.fa.gz,EHA04823_bin.87.fa.gz,1.0,0.9878048780487805,264
EHA04823_bin.88.fa.gz,EHA04823_bin.88.fa.gz,1.0,0.994750656167979,9
EHA04823_bin.89.fa.gz,EHA04823_bin.89.fa.gz,1.0,1.0,357
EHA04823_bin.8.fa.gz,EHA04823_bin.8.fa.gz,1.0,0.979328165374677,830
EHA04823_bin.91.fa.gz,EHA04823_bin.91.fa.gz,0.999999,0.9776119402985075,560
EHA04823_bin.93.fa.gz,EHA04823_bin.93.fa.gz,1.0,0.9833333333333333,243
nhnw_bin.297.fa.gz,EHA04823_bin.93.fa.gz,0.971416,0.28456375838926173,243
EHA04823_bin.93.fa.gz,nhnw_bin.297.fa.gz,0.9808910000000001,0.8875,243
nhnw_bin.297.fa.gz,nhnw_bin.297.fa.gz,1.0,0.9946308724832215,243
EHA04823_bin.94.fa.gz,EHA04823_bin.94.fa.gz,1.0,0.9874476987447699,275
EHA04823_bin.96.fa.gz,EHA04823_bin.96.fa.gz,1.0,0.9887359198998749,370
EHA04823_bin.97.fa.gz,EHA04823_bin.97.fa.gz,1.0,0.9797979797979798,317
EHA04823_bin.98.fa.gz,EHA04823_bin.98.fa.gz,1.0,0.9899569583931134,806
EHA04823_bin.9.fa.gz,EHA04823_bin.9.fa.gz,1.0,0.982620320855615,3
nhnw_bin.100.fa.gz,nhnw_bin.100.fa.gz,1.0,0.9828496042216359,371
nhnw_bin.240.fa.gz,nhnw_bin.100.fa.gz,0.908938,0.851380042462845,371
nhnw_bin.100.fa.gz,nhnw_bin.240.fa.gz,0.9055200000000001,0.5092348284960422,371
nhnw_bin.240.fa.gz,nhnw_bin.240.fa.gz,1.0,0.9851380042462845,371
nhnw_bin.101.fa.gz,nhnw_bin.101.fa.gz,1.0,0.9875666074600356,180
nhnw_bin.102.fa.gz,nhnw_bin.102.fa.gz,1.0,0.9880952380952381,738
nhnw_bin.103.fa.gz,nhnw_bin.103.fa.gz,1.0,0.9908536585365854,332
nhnw_bin.105.fa.gz,nhnw_bin.105.fa.gz,1.0,0.9899396378269618,868
nhnw_bin.106.fa.gz,nhnw_bin.106.fa.gz,1.0,0.9839034205231388,28
nhnw_bin.107.fa.gz,nhnw_bin.107.fa.gz,1.0,0.9973226238286479,478
nhnw_bin.108.fa.gz,nhnw_bin.108.fa.gz,1.0,0.9925233644859813,800
nhnw_bin.109.fa.gz,nhnw_bin.109.fa.gz,1.0,1.0,812
nhnw_bin.110.fa.gz,nhnw_bin.110.fa.gz,1.0,0.9916512059369202,581
nhnw_bin.111.fa.gz,nhnw_bin.111.fa.gz,1.0,0.9865951742627346,403
nhnw_bin.112.fa.gz,nhnw_bin.112.fa.gz,0.999999,0.9906716417910447,296
nhnw_bin.113.fa.gz,nhnw_bin.113.fa.gz,1.0,0.9954044117647058,838
nhnw_bin.114.fa.gz,nhnw_bin.114.fa.gz,1.0,0.9887005649717514,530
nhnw_bin.115.fa.gz,nhnw_bin.115.fa.gz,1.0,0.9903660886319846,582
nhnw_bin.116.fa.gz,nhnw_bin.116.fa.gz,1.0,0.9924528301886792,388
nhnw_bin.117.fa.gz,nhnw_bin.117.fa.gz,1.0,0.9964664310954063,104
nhnw_bin.119.fa.gz,nhnw_bin.119.fa.gz,1.0,0.9973474801061007,318
nhnw_bin.11.fa.gz,nhnw_bin.11.fa.gz,1.0,0.990990990990991,863
nhnw_bin.120.fa.gz,nhnw_bin.120.fa.gz,1.0,0.9832214765100671,728
nhnw_bin.121.fa.gz,nhnw_bin.121.fa.gz,0.999999,0.9908883826879271,94
nhnw_bin.122.fa.gz,nhnw_bin.122.fa.gz,1.0,0.9959919839679359,715
nhnw_bin.127.fa.gz,nhnw_bin.127.fa.gz,1.0,0.9920948616600791,347
nhnw_bin.128.fa.gz,nhnw_bin.128.fa.gz,1.0,0.9921722113502935,373
nhnw_bin.129.fa.gz,nhnw_bin.129.fa.gz,1.0,0.9950124688279302,653
nhnw_bin.130.fa.gz,nhnw_bin.130.fa.gz,1.0,0.9939879759519038,423
nhnw_bin.131.fa.gz,nhnw_bin.131.fa.gz,1.0,0.9896373056994818,500
nhnw_bin.132.fa.gz,nhnw_bin.132.fa.gz,0.999999,0.9837133550488599,461
nhnw_bin.133.fa.gz,nhnw_bin.133.fa.gz,1.0,0.9989224137931034,244
nhnw_bin.134.fa.gz,nhnw_bin.134.fa.gz,1.0,0.9937888198757764,390
nhnw_bin.135.fa.gz,nhnw_bin.135.fa.gz,1.0,0.9984251968503937,864
nhnw_bin.136.fa.gz,nhnw_bin.136.fa.gz,1.0,1.0,555
nhnw_bin.137.fa.gz,nhnw_bin.137.fa.gz,1.0,0.9960886571056062,456
nhnw_bin.138.fa.gz,nhnw_bin.138.fa.gz,1.0,0.9895697522816167,76
nhnw_bin.139.fa.gz,nhnw_bin.139.fa.gz,1.0,0.995850622406639,852
nhnw_bin.13.fa.gz,nhnw_bin.13.fa.gz,1.0,0.9886914378029079,393
nhnw_bin.140.fa.gz,nhnw_bin.140.fa.gz,1.0,0.9925023430178069,56
nhnw_bin.141.fa.gz,nhnw_bin.141.fa.gz,0.999999,0.9932203389830508,860
nhnw_bin.142.fa.gz,nhnw_bin.142.fa.gz,1.0,0.9915134370579916,77
nhnw_bin.143.fa.gz,nhnw_bin.143.fa.gz,1.0,0.9926470588235294,795
nhnw_bin.144.fa.gz,nhnw_bin.144.fa.gz,0.999999,0.9929203539823008,313
nhnw_bin.145.fa.gz,nhnw_bin.145.fa.gz,1.0,1.0,853
nhnw_bin.146.fa.gz,nhnw_bin.146.fa.gz,1.0,0.9946091644204852,437
nhnw_bin.147.fa.gz,nhnw_bin.147.fa.gz,1.0,0.9910313901345291,669
nhnw_bin.148.fa.gz,nhnw_bin.148.fa.gz,1.0,0.9792147806004619,761
nhnw_bin.149.fa.gz,nhnw_bin.149.fa.gz,1.0,0.9950248756218906,182
nhnw_bin.14.fa.gz,nhnw_bin.14.fa.gz,1.0,0.993006993006993,288
nhnw_bin.150.fa.gz,nhnw_bin.150.fa.gz,1.0,0.9911504424778761,877
nhnw_bin.151.fa.gz,nhnw_bin.151.fa.gz,1.0,0.9979959919839679,192
nhnw_bin.153.fa.gz,nhnw_bin.153.fa.gz,0.999999,0.9945828819068255,740
nhnw_bin.154.fa.gz,nhnw_bin.154.fa.gz,1.0,0.989010989010989,216
nhnw_bin.155.fa.gz,nhnw_bin.155.fa.gz,1.0,0.9768451519536903,492
nhnw_bin.156.fa.gz,nhnw_bin.156.fa.gz,1.0,0.9966386554621849,310
nhnw_bin.157.fa.gz,nhnw_bin.157.fa.gz,1.0,0.983177570093458,874
nhnw_bin.158.fa.gz,nhnw_bin.158.fa.gz,1.0,0.9983108108108109,197
nhnw_bin.159.fa.gz,nhnw_bin.159.fa.gz,1.0,0.994750656167979,521
nhnw_bin.15.fa.gz,nhnw_bin.15.fa.gz,1.0,0.9930434782608696,483
nhnw_bin.160.fa.gz,nhnw_bin.160.fa.gz,1.0,0.9858870967741935,63
nhnw_bin.427.fa.gz,nhnw_bin.160.fa.gz,0.881297,0.7123287671232876,63
nhnw_bin.160.fa.gz,nhnw_bin.427.fa.gz,0.878737,0.6391129032258065,63
nhnw_bin.427.fa.gz,nhnw_bin.427.fa.gz,1.0,0.9840182648401826,63
nhnw_bin.161.fa.gz,nhnw_bin.161.fa.gz,1.0,0.996031746031746,446
nhnw_bin.162.fa.gz,nhnw_bin.162.fa.gz,1.0,1.0,891
nhnw_bin.163.fa.gz,nhnw_bin.163.fa.gz,1.0,0.9946380697050938,685
nhnw_bin.164.fa.gz,nhnw_bin.164.fa.gz,1.0,0.9967213114754099,107
nhnw_bin.165.fa.gz,nhnw_bin.165.fa.gz,1.0,0.9854166666666667,302
nhnw_bin.166.fa.gz,nhnw_bin.166.fa.gz,1.0,0.9664031620553359,188
nhnw_bin.167.fa.gz,nhnw_bin.167.fa.gz,1.0,0.9806034482758621,118
nhnw_bin.168.fa.gz,nhnw_bin.168.fa.gz,1.0,0.9898305084745763,29
nhnw_bin.169.fa.gz,nhnw_bin.169.fa.gz,1.0,0.9850746268656716,569
nhnw_bin.170.fa.gz,nhnw_bin.170.fa.gz,1.0,0.9824,739
nhnw_bin.171.fa.gz,nhnw_bin.171.fa.gz,1.0,0.9815436241610739,350
nhnw_bin.172.fa.gz,nhnw_bin.172.fa.gz,1.0,0.9978165938864629,397
nhnw_bin.174.fa.gz,nhnw_bin.174.fa.gz,0.999999,0.9786821705426356,335
nhnw_bin.175.fa.gz,nhnw_bin.175.fa.gz,1.0,0.9919871794871795,262
nhnw_bin.176.fa.gz,nhnw_bin.176.fa.gz,1.0,0.9961240310077519,80
nhnw_bin.178.fa.gz,nhnw_bin.178.fa.gz,1.0,0.9932432432432432,867
nhnw_bin.179.fa.gz,nhnw_bin.179.fa.gz,1.0,0.9900199600798403,706
nhnw_bin.17.fa.gz,nhnw_bin.17.fa.gz,1.0,0.9946332737030411,234
nhnw_bin.180.fa.gz,nhnw_bin.180.fa.gz,1.0,1.0,433
nhnw_bin.181.fa.gz,nhnw_bin.181.fa.gz,1.0,0.9985007496251874,265
nhnw_bin.182.fa.gz,nhnw_bin.182.fa.gz,1.0,0.9870588235294118,407
nhnw_bin.183.fa.gz,nhnw_bin.183.fa.gz,1.0,0.9850352112676056,583
nhnw_bin.184.fa.gz,nhnw_bin.184.fa.gz,0.999999,0.9819494584837545,408
nhnw_bin.185.fa.gz,nhnw_bin.185.fa.gz,1.0,0.9894419306184012,175
nhnw_bin.187.fa.gz,nhnw_bin.187.fa.gz,1.0,0.9887640449438202,92
nhnw_bin.188.fa.gz,nhnw_bin.188.fa.gz,1.0,0.9956204379562044,546
nhnw_bin.189.fa.gz,nhnw_bin.189.fa.gz,1.0,0.988527724665392,710
nhnw_bin.190.fa.gz,nhnw_bin.190.fa.gz,1.0,1.0,426
nhnw_bin.191.fa.gz,nhnw_bin.191.fa.gz,1.0,0.9908592321755028,277
nhnw_bin.192.fa.gz,nhnw_bin.192.fa.gz,1.0,0.9778393351800554,804
nhnw_bin.193.fa.gz,nhnw_bin.193.fa.gz,1.0,0.9914651493598862,109
nhnw_bin.194.fa.gz,nhnw_bin.194.fa.gz,1.0,0.9904942965779467,311
nhnw_bin.195.fa.gz,nhnw_bin.195.fa.gz,1.0,0.9958071278825996,670
nhnw_bin.196.fa.gz,nhnw_bin.196.fa.gz,1.0,0.9848942598187311,651
nhnw_bin.197.fa.gz,nhnw_bin.197.fa.gz,1.0,0.9943502824858758,268
nhnw_bin.198.fa.gz,nhnw_bin.198.fa.gz,1.0,0.987719298245614,502
nhnw_bin.199.fa.gz,nhnw_bin.199.fa.gz,0.999999,0.9887459807073955,129
nhnw_bin.1.fa.gz,nhnw_bin.1.fa.gz,1.0,0.9859514687100894,372
nhnw_bin.200.fa.gz,nhnw_bin.200.fa.gz,1.0,0.9867172675521821,65
nhnw_bin.201.fa.gz,nhnw_bin.201.fa.gz,1.0,0.9961904761904762,68
nhnw_bin.202.fa.gz,nhnw_bin.202.fa.gz,1.0,0.9984447900466563,493
nhnw_bin.203.fa.gz,nhnw_bin.203.fa.gz,1.0,0.9824561403508771,484
nhnw_bin.204.fa.gz,nhnw_bin.204.fa.gz,1.0,0.9979296066252588,365
nhnw_bin.205.fa.gz,nhnw_bin.205.fa.gz,1.0,0.9701986754966887,503
nhnw_bin.206.fa.gz,nhnw_bin.206.fa.gz,0.999999,0.9984301412872841,285
nhnw_bin.207.fa.gz,nhnw_bin.207.fa.gz,1.0,0.9844559585492227,736
nhnw_bin.209.fa.gz,nhnw_bin.209.fa.gz,1.0,0.990990990990991,615
nhnw_bin.211.fa.gz,nhnw_bin.211.fa.gz,1.0,0.9936708860759493,203
nhnw_bin.212.fa.gz,nhnw_bin.212.fa.gz,1.0,0.9820846905537459,827
nhnw_bin.213.fa.gz,nhnw_bin.213.fa.gz,1.0,0.9976019184652278,725
nhnw_bin.214.fa.gz,nhnw_bin.214.fa.gz,1.0,0.9980879541108987,549
nhnw_bin.215.fa.gz,nhnw_bin.215.fa.gz,1.0,0.977319587628866,300
nhnw_bin.216.fa.gz,nhnw_bin.216.fa.gz,1.0,0.9945945945945946,649
nhnw_bin.217.fa.gz,nhnw_bin.217.fa.gz,1.0,0.9818511796733213,548
nhnw_bin.218.fa.gz,nhnw_bin.218.fa.gz,1.0,0.9855595667870036,747
nhnw_bin.219.fa.gz,nhnw_bin.219.fa.gz,1.0,0.9938313913639479,419
nhnw_bin.21.fa.gz,nhnw_bin.21.fa.gz,1.0,0.9825581395348837,646
nhnw_bin.220.fa.gz,nhnw_bin.220.fa.gz,1.0,0.9935897435897436,694
nhnw_bin.221.fa.gz,nhnw_bin.221.fa.gz,1.0,0.9860869565217392,759
nhnw_bin.222.fa.gz,nhnw_bin.222.fa.gz,1.0,0.979757085020243,449
nhnw_bin.224.fa.gz,nhnw_bin.224.fa.gz,1.0,0.9899553571428571,470
nhnw_bin.225.fa.gz,nhnw_bin.225.fa.gz,1.0,1.0,805
nhnw_bin.226.fa.gz,nhnw_bin.226.fa.gz,1.0,0.9939024390243902,465
nhnw_bin.227.fa.gz,nhnw_bin.227.fa.gz,1.0,0.9923857868020305,701
nhnw_bin.228.fa.gz,nhnw_bin.228.fa.gz,1.0,0.9972677595628415,620
nhnw_bin.22.fa.gz,nhnw_bin.22.fa.gz,1.0,0.9972222222222222,886
nhnw_bin.230.fa.gz,nhnw_bin.230.fa.gz,1.0,0.9961977186311787,442
nhnw_bin.231.fa.gz,nhnw_bin.231.fa.gz,1.0,0.99581589958159,36
nhnw_bin.233.fa.gz,nhnw_bin.233.fa.gz,1.0,0.9956395348837209,74
nhnw_bin.234.fa.gz,nhnw_bin.234.fa.gz,1.0,0.9932546374367622,381
nhnw_bin.235.fa.gz,nhnw_bin.235.fa.gz,1.0,0.9918781725888325,575
nhnw_bin.236.fa.gz,nhnw_bin.236.fa.gz,1.0,0.996822033898305,1
nhnw_bin.237.fa.gz,nhnw_bin.237.fa.gz,1.0,0.9910313901345291,507
nhnw_bin.238.fa.gz,nhnw_bin.238.fa.gz,1.0,0.9960474308300395,443
nhnw_bin.239.fa.gz,nhnw_bin.239.fa.gz,1.0,0.9865319865319865,11
nhnw_bin.23.fa.gz,nhnw_bin.23.fa.gz,1.0,0.9902777777777778,898
nhnw_bin.241.fa.gz,nhnw_bin.241.fa.gz,1.0,0.9746835443037974,47
nhnw_bin.242.fa.gz,nhnw_bin.242.fa.gz,1.0,0.9914163090128756,415
nhnw_bin.243.fa.gz,nhnw_bin.243.fa.gz,1.0,0.9895470383275261,889
nhnw_bin.244.fa.gz,nhnw_bin.244.fa.gz,1.0,0.9951807228915662,632
nhnw_bin.245.fa.gz,nhnw_bin.245.fa.gz,1.0,0.9746835443037974,705
nhnw_bin.246.fa.gz,nhnw_bin.246.fa.gz,1.0,0.9967105263157895,591
nhnw_bin.247.fa.gz,nhnw_bin.247.fa.gz,0.999999,0.9858585858585859,131
nhnw_bin.248.fa.gz,nhnw_bin.248.fa.gz,1.0,0.9981060606060606,807
nhnw_bin.249.fa.gz,nhnw_bin.249.fa.gz,1.0,0.9806763285024155,344
nhnw_bin.24.fa.gz,nhnw_bin.24.fa.gz,1.0,0.9956331877729258,558
nhnw_bin.250.fa.gz,nhnw_bin.250.fa.gz,1.0,0.9881129271916791,351
nhnw_bin.251.fa.gz,nhnw_bin.251.fa.gz,1.0,0.9943181818181818,420
nhnw_bin.252.fa.gz,nhnw_bin.252.fa.gz,1.0,0.9958275382475661,276
nhnw_bin.254.fa.gz,nhnw_bin.254.fa.gz,1.0,0.9715025906735751,69
nhnw_bin.255.fa.gz,nhnw_bin.255.fa.gz,1.0,0.99712368168744,2
nhnw_bin.257.fa.gz,nhnw_bin.257.fa.gz,1.0,0.9900249376558603,416
nhnw_bin.258.fa.gz,nhnw_bin.258.fa.gz,0.999999,0.9908925318761385,33
nhnw_bin.259.fa.gz,nhnw_bin.259.fa.gz,1.0,1.0,654
nhnw_bin.25.fa.gz,nhnw_bin.25.fa.gz,1.0,0.9841986455981941,224
nhnw_bin.260.fa.gz,nhnw_bin.260.fa.gz,1.0,0.9877675840978594,184
nhnw_bin.261.fa.gz,nhnw_bin.261.fa.gz,1.0,1.0,634
nhnw_bin.262.fa.gz,nhnw_bin.262.fa.gz,0.999999,0.9775561097256857,628
nhnw_bin.263.fa.gz,nhnw_bin.263.fa.gz,1.0,0.9970631424375918,379
nhnw_bin.264.fa.gz,nhnw_bin.264.fa.gz,1.0,0.99860529986053,519
nhnw_bin.265.fa.gz,nhnw_bin.265.fa.gz,1.0,0.9878260869565217,831
nhnw_bin.266.fa.gz,nhnw_bin.266.fa.gz,1.0,0.9988558352402745,405
nhnw_bin.267.fa.gz,nhnw_bin.267.fa.gz,1.0,0.9956896551724138,83
nhnw_bin.268.fa.gz,nhnw_bin.268.fa.gz,1.0,0.9845679012345679,391
nhnw_bin.269.fa.gz,nhnw_bin.269.fa.gz,1.0,0.9981378026070763,387
nhnw_bin.26.fa.gz,nhnw_bin.26.fa.gz,1.0,0.9951338199513382,112
nhnw_bin.270.fa.gz,nhnw_bin.270.fa.gz,1.0,1.0,208
nhnw_bin.271.fa.gz,nhnw_bin.271.fa.gz,1.0,0.9915492957746479,73
nhnw_bin.272.fa.gz,nhnw_bin.272.fa.gz,1.0,0.9803149606299213,844
nhnw_bin.273.fa.gz,nhnw_bin.273.fa.gz,1.0,0.9928571428571429,97
nhnw_bin.274.fa.gz,nhnw_bin.274.fa.gz,1.0,0.9919354838709677,151
nhnw_bin.275.fa.gz,nhnw_bin.275.fa.gz,1.0,0.9953917050691244,698
nhnw_bin.276.fa.gz,nhnw_bin.276.fa.gz,1.0,0.9877112135176651,225
nhnw_bin.277.fa.gz,nhnw_bin.277.fa.gz,1.0,0.9953703703703703,688
nhnw_bin.278.fa.gz,nhnw_bin.278.fa.gz,1.0,0.9933665008291874,757
nhnw_bin.279.fa.gz,nhnw_bin.279.fa.gz,1.0,0.9814356435643564,377
nhnw_bin.27.fa.gz,nhnw_bin.27.fa.gz,1.0,0.9672131147540983,524
nhnw_bin.280.fa.gz,nhnw_bin.280.fa.gz,1.0,0.9976303317535545,364
nhnw_bin.281.fa.gz,nhnw_bin.281.fa.gz,1.0,0.9960369881109643,217
nhnw_bin.282.fa.gz,nhnw_bin.282.fa.gz,0.999999,1.0,476
nhnw_bin.283.fa.gz,nhnw_bin.283.fa.gz,1.0,0.9941944847605225,356
nhnw_bin.284.fa.gz,nhnw_bin.284.fa.gz,1.0,0.9912087912087912,505
nhnw_bin.286.fa.gz,nhnw_bin.286.fa.gz,1.0,1.0,301
nhnw_bin.287.fa.gz,nhnw_bin.287.fa.gz,1.0,0.9939098660170523,185
nhnw_bin.288.fa.gz,nhnw_bin.288.fa.gz,1.0,0.9894875164257556,336
nhnw_bin.289.fa.gz,nhnw_bin.289.fa.gz,1.0,0.9903614457831326,246
nhnw_bin.28.fa.gz,nhnw_bin.28.fa.gz,1.0,1.0,199
nhnw_bin.290.fa.gz,nhnw_bin.290.fa.gz,1.0,0.9948119325551232,401
nhnw_bin.292.fa.gz,nhnw_bin.292.fa.gz,1.0,0.9948453608247423,601
nhnw_bin.294.fa.gz,nhnw_bin.294.fa.gz,1.0,0.9957173447537473,488
nhnw_bin.295.fa.gz,nhnw_bin.295.fa.gz,1.0,0.9873417721518988,778
nhnw_bin.298.fa.gz,nhnw_bin.298.fa.gz,0.999999,0.9715302491103203,753
nhnw_bin.299.fa.gz,nhnw_bin.299.fa.gz,1.0,0.9848812095032398,639
nhnw_bin.29.fa.gz,nhnw_bin.29.fa.gz,1.0,0.9692671394799054,515
nhnw_bin.300.fa.gz,nhnw_bin.300.fa.gz,1.0,0.9950083194675541,186
nhnw_bin.301.fa.gz,nhnw_bin.301.fa.gz,1.0,0.9863429438543247,120
nhnw_bin.302.fa.gz,nhnw_bin.302.fa.gz,1.0,0.997289972899729,875
nhnw_bin.303.fa.gz,nhnw_bin.303.fa.gz,1.0,0.9982238010657194,531
nhnw_bin.305.fa.gz,nhnw_bin.305.fa.gz,1.0,0.9785123966942149,457
nhnw_bin.306.fa.gz,nhnw_bin.306.fa.gz,1.0,0.9793577981651376,157
nhnw_bin.307.fa.gz,nhnw_bin.307.fa.gz,0.999999,0.9880668257756563,474
nhnw_bin.308.fa.gz,nhnw_bin.308.fa.gz,0.999999,1.0,34
nhnw_bin.309.fa.gz,nhnw_bin.309.fa.gz,1.0,0.9984202211690363,242
nhnw_bin.30.fa.gz,nhnw_bin.30.fa.gz,1.0,0.990234375,30
nhnw_bin.310.fa.gz,nhnw_bin.310.fa.gz,1.0,0.9948630136986302,167
nhnw_bin.311.fa.gz,nhnw_bin.311.fa.gz,1.0,0.9927797833935018,482
nhnw_bin.312.fa.gz,nhnw_bin.312.fa.gz,1.0,0.9912587412587412,329
nhnw_bin.499.fa.gz,nhnw_bin.312.fa.gz,0.880575,0.6885245901639344,329
nhnw_bin.312.fa.gz,nhnw_bin.499.fa.gz,0.880055,0.743006993006993,329
nhnw_bin.499.fa.gz,nhnw_bin.499.fa.gz,1.0,0.9885245901639345,329
nhnw_bin.313.fa.gz,nhnw_bin.313.fa.gz,1.0,0.9872262773722628,183
nhnw_bin.314.fa.gz,nhnw_bin.314.fa.gz,1.0,0.9976689976689976,643
nhnw_bin.316.fa.gz,nhnw_bin.316.fa.gz,1.0,0.998324958123953,717
nhnw_bin.317.fa.gz,nhnw_bin.317.fa.gz,1.0,0.9982758620689656,513
nhnw_bin.318.fa.gz,nhnw_bin.318.fa.gz,1.0,1.0,161
nhnw_bin.319.fa.gz,nhnw_bin.319.fa.gz,0.999689,0.9801829268292683,756
nhnw_bin.31.fa.gz,nhnw_bin.31.fa.gz,1.0,0.9980544747081712,743
nhnw_bin.321.fa.gz,nhnw_bin.321.fa.gz,1.0,0.9966555183946488,840
nhnw_bin.322.fa.gz,nhnw_bin.322.fa.gz,1.0,0.990084985835694,880
nhnw_bin.323.fa.gz,nhnw_bin.323.fa.gz,1.0,0.9973154362416108,406
nhnw_bin.324.fa.gz,nhnw_bin.324.fa.gz,1.0,1.0,289
nhnw_bin.325.fa.gz,nhnw_bin.325.fa.gz,0.999999,1.0,614
nhnw_bin.326.fa.gz,nhnw_bin.326.fa.gz,0.999999,0.9936170212765958,514
nhnw_bin.327.fa.gz,nhnw_bin.327.fa.gz,1.0,0.9956474428726877,887
nhnw_bin.328.fa.gz,nhnw_bin.328.fa.gz,1.0,0.9880952380952381,172
nhnw_bin.329.fa.gz,nhnw_bin.329.fa.gz,1.0,0.9800221975582686,394
nhnw_bin.32.fa.gz,nhnw_bin.32.fa.gz,1.0,0.9955882352941177,871
nhnw_bin.330.fa.gz,nhnw_bin.330.fa.gz,1.0,0.9919893190921228,459
nhnw_bin.331.fa.gz,nhnw_bin.331.fa.gz,1.0,1.0,769
nhnw_bin.332.fa.gz,nhnw_bin.332.fa.gz,1.0,0.9837962962962963,160
nhnw_bin.333.fa.gz,nhnw_bin.333.fa.gz,1.0,0.9813084112149533,719
nhnw_bin.335.fa.gz,nhnw_bin.335.fa.gz,1.0,0.9958246346555324,358
nhnw_bin.336.fa.gz,nhnw_bin.336.fa.gz,1.0,0.9975757575757576,240
nhnw_bin.337.fa.gz,nhnw_bin.337.fa.gz,1.0,0.9986320109439124,298
nhnw_bin.338.fa.gz,nhnw_bin.338.fa.gz,1.0,0.9975550122249389,696
nhnw_bin.339.fa.gz,nhnw_bin.339.fa.gz,1.0,0.9955489614243324,352
nhnw_bin.33.fa.gz,nhnw_bin.33.fa.gz,1.0,0.9987878787878788,848
nhnw_bin.340.fa.gz,nhnw_bin.340.fa.gz,1.0,0.9984709480122325,773
nhnw_bin.341.fa.gz,nhnw_bin.341.fa.gz,1.0,0.9826086956521739,605
nhnw_bin.343.fa.gz,nhnw_bin.343.fa.gz,1.0,0.9873617693522907,466
nhnw_bin.345.fa.gz,nhnw_bin.345.fa.gz,0.999999,0.9960861056751468,824
nhnw_bin.347.fa.gz,nhnw_bin.347.fa.gz,1.0,0.9913419913419913,70
nhnw_bin.348.fa.gz,nhnw_bin.348.fa.gz,0.999999,0.9913978494623656,382
nhnw_bin.349.fa.gz,nhnw_bin.349.fa.gz,1.0,0.9865771812080537,145
nhnw_bin.34.fa.gz,nhnw_bin.34.fa.gz,1.0,0.9900426742532006,258
nhnw_bin.350.fa.gz,nhnw_bin.350.fa.gz,1.0,0.9893992932862191,187
nhnw_bin.351.fa.gz,nhnw_bin.351.fa.gz,1.0,0.9812409812409812,114
nhnw_bin.352.fa.gz,nhnw_bin.352.fa.gz,1.0,0.9970282317979198,793
nhnw_bin.353.fa.gz,nhnw_bin.353.fa.gz,1.0,1.0,610
nhnw_bin.355.fa.gz,nhnw_bin.355.fa.gz,1.0,0.9831932773109243,254
nhnw_bin.356.fa.gz,nhnw_bin.356.fa.gz,1.0,0.996875,135
nhnw_bin.357.fa.gz,nhnw_bin.357.fa.gz,1.0,1.0,453
nhnw_bin.358.fa.gz,nhnw_bin.358.fa.gz,1.0,0.9902597402597403,115
nhnw_bin.359.fa.gz,nhnw_bin.359.fa.gz,1.0,0.9714795008912656,263
nhnw_bin.35.fa.gz,nhnw_bin.35.fa.gz,1.0,0.9903069466882067,526
nhnw_bin.360.fa.gz,nhnw_bin.360.fa.gz,1.0,0.9975845410628019,281
nhnw_bin.361.fa.gz,nhnw_bin.361.fa.gz,1.0,0.9908045977011494,195
nhnw_bin.362.fa.gz,nhnw_bin.362.fa.gz,1.0,0.9782608695652174,150
nhnw_bin.363.fa.gz,nhnw_bin.363.fa.gz,1.0,0.9965928449744463,579
nhnw_bin.364.fa.gz,nhnw_bin.364.fa.gz,1.0,0.9904458598726115,132
nhnw_bin.365.fa.gz,nhnw_bin.365.fa.gz,1.0,0.998468606431853,813
nhnw_bin.366.fa.gz,nhnw_bin.366.fa.gz,1.0,0.9870466321243523,166
nhnw_bin.367.fa.gz,nhnw_bin.367.fa.gz,1.0,0.9904761904761905,648
nhnw_bin.36.fa.gz,nhnw_bin.36.fa.gz,0.999999,0.9863013698630136,508
nhnw_bin.371.fa.gz,nhnw_bin.371.fa.gz,1.0,0.9878640776699029,504
nhnw_bin.372.fa.gz,nhnw_bin.372.fa.gz,1.0,0.9873817034700315,845
nhnw_bin.373.fa.gz,nhnw_bin.373.fa.gz,1.0,0.99185667752443,763
nhnw_bin.375.fa.gz,nhnw_bin.375.fa.gz,1.0,0.9956458635703919,84
nhnw_bin.376.fa.gz,nhnw_bin.376.fa.gz,1.0,0.9954128440366973,55
nhnw_bin.377.fa.gz,nhnw_bin.377.fa.gz,0.999999,0.9912663755458515,559
nhnw_bin.379.fa.gz,nhnw_bin.379.fa.gz,1.0,0.9972826086956522,658
nhnw_bin.37.fa.gz,nhnw_bin.37.fa.gz,1.0,0.9954545454545455,799
nhnw_bin.380.fa.gz,nhnw_bin.380.fa.gz,1.0,0.9918367346938776,283
nhnw_bin.381.fa.gz,nhnw_bin.381.fa.gz,1.0,0.9771986970684039,724
nhnw_bin.383.fa.gz,nhnw_bin.383.fa.gz,1.0,0.9974683544303797,429
nhnw_bin.384.fa.gz,nhnw_bin.384.fa.gz,1.0,0.9772727272727273,430
nhnw_bin.386.fa.gz,nhnw_bin.386.fa.gz,1.0,0.9966777408637874,435
nhnw_bin.388.fa.gz,nhnw_bin.388.fa.gz,1.0,0.9885452462772051,110
nhnw_bin.389.fa.gz,nhnw_bin.389.fa.gz,1.0,0.9858934169278997,303
nhnw_bin.38.fa.gz,nhnw_bin.38.fa.gz,1.0,0.9966887417218543,487
nhnw_bin.391.fa.gz,nhnw_bin.391.fa.gz,1.0,0.9881956155143339,475
nhnw_bin.392.fa.gz,nhnw_bin.392.fa.gz,0.999999,0.9904240766073872,479
nhnw_bin.393.fa.gz,nhnw_bin.393.fa.gz,1.0,0.9954545454545455,494
nhnw_bin.394.fa.gz,nhnw_bin.394.fa.gz,1.0,0.9806338028169014,876
nhnw_bin.395.fa.gz,nhnw_bin.395.fa.gz,1.0,0.9926108374384236,305
nhnw_bin.396.fa.gz,nhnw_bin.396.fa.gz,1.0,0.990909090909091,637
nhnw_bin.397.fa.gz,nhnw_bin.397.fa.gz,1.0,0.9862595419847329,883
nhnw_bin.398.fa.gz,nhnw_bin.398.fa.gz,1.0,0.993920972644377,106
nhnw_bin.39.fa.gz,nhnw_bin.39.fa.gz,1.0,0.9987212276214834,20
nhnw_bin.3.fa.gz,nhnw_bin.3.fa.gz,1.0,0.9946949602122016,865
nhnw_bin.400.fa.gz,nhnw_bin.400.fa.gz,1.0,0.9950779327317474,414
nhnw_bin.401.fa.gz,nhnw_bin.401.fa.gz,1.0,0.9975,469
nhnw_bin.403.fa.gz,nhnw_bin.403.fa.gz,1.0,1.0,607
nhnw_bin.404.fa.gz,nhnw_bin.404.fa.gz,1.0,0.9896670493685419,235
nhnw_bin.406.fa.gz,nhnw_bin.406.fa.gz,1.0,0.9973118279569892,451
nhnw_bin.407.fa.gz,nhnw_bin.407.fa.gz,1.0,0.991578947368421,762
nhnw_bin.408.fa.gz,nhnw_bin.408.fa.gz,1.0,0.9973614775725593,677
nhnw_bin.409.fa.gz,nhnw_bin.409.fa.gz,1.0,0.9900332225913622,819
nhnw_bin.40.fa.gz,nhnw_bin.40.fa.gz,1.0,0.9966527196652719,402
nhnw_bin.410.fa.gz,nhnw_bin.410.fa.gz,1.0,0.9943872778297475,854
nhnw_bin.411.fa.gz,nhnw_bin.411.fa.gz,1.0,0.9941747572815534,828
nhnw_bin.412.fa.gz,nhnw_bin.412.fa.gz,1.0,1.0,861
nhnw_bin.415.fa.gz,nhnw_bin.415.fa.gz,1.0,0.9801324503311258,81
nhnw_bin.416.fa.gz,nhnw_bin.416.fa.gz,1.0,0.997411561691113,421
nhnw_bin.417.fa.gz,nhnw_bin.417.fa.gz,1.0,0.9969418960244648,168
nhnw_bin.418.fa.gz,nhnw_bin.418.fa.gz,0.999999,0.9956709956709957,269
nhnw_bin.419.fa.gz,nhnw_bin.419.fa.gz,1.0,0.9968253968253968,24
nhnw_bin.41.fa.gz,nhnw_bin.41.fa.gz,1.0,0.9939485627836612,331
nhnw_bin.421.fa.gz,nhnw_bin.421.fa.gz,1.0,0.9964476021314387,608
nhnw_bin.422.fa.gz,nhnw_bin.422.fa.gz,1.0,0.9917355371900827,713
nhnw_bin.423.fa.gz,nhnw_bin.423.fa.gz,1.0,0.9959514170040485,561
nhnw_bin.424.fa.gz,nhnw_bin.424.fa.gz,1.0,0.994232987312572,162
nhnw_bin.425.fa.gz,nhnw_bin.425.fa.gz,1.0,0.9934587080948487,412
nhnw_bin.426.fa.gz,nhnw_bin.426.fa.gz,0.9999979999999999,0.9869848156182213,345
nhnw_bin.428.fa.gz,nhnw_bin.428.fa.gz,1.0,0.9684684684684685,78
nhnw_bin.429.fa.gz,nhnw_bin.429.fa.gz,1.0,0.9836065573770492,489
nhnw_bin.42.fa.gz,nhnw_bin.42.fa.gz,1.0,0.998533724340176,146
nhnw_bin.430.fa.gz,nhnw_bin.430.fa.gz,1.0,0.9905660377358491,147
nhnw_bin.431.fa.gz,nhnw_bin.431.fa.gz,1.0,0.9941176470588236,644
nhnw_bin.432.fa.gz,nhnw_bin.432.fa.gz,1.0,1.0,219
nhnw_bin.434.fa.gz,nhnw_bin.434.fa.gz,1.0,0.9813278008298755,766
nhnw_bin.435.fa.gz,nhnw_bin.435.fa.gz,1.0,0.9840425531914894,95
nhnw_bin.436.fa.gz,nhnw_bin.436.fa.gz,1.0,0.9740634005763689,472
nhnw_bin.437.fa.gz,nhnw_bin.437.fa.gz,1.0,0.9878892733564014,231
nhnw_bin.438.fa.gz,nhnw_bin.438.fa.gz,1.0,0.9921752738654147,210
nhnw_bin.439.fa.gz,nhnw_bin.439.fa.gz,1.0,0.9912126537785588,779
nhnw_bin.43.fa.gz,nhnw_bin.43.fa.gz,1.0,0.9494584837545126,101
nhnw_bin.440.fa.gz,nhnw_bin.440.fa.gz,1.0,0.9871060171919771,259
nhnw_bin.441.fa.gz,nhnw_bin.441.fa.gz,1.0,0.9817518248175182,327
nhnw_bin.442.fa.gz,nhnw_bin.442.fa.gz,1.0,0.9870250231696015,413
nhnw_bin.443.fa.gz,nhnw_bin.443.fa.gz,1.0,0.9874015748031496,869
nhnw_bin.444.fa.gz,nhnw_bin.444.fa.gz,1.0,0.997946611909651,386
nhnw_bin.445.fa.gz,nhnw_bin.445.fa.gz,1.0,0.9985855728429985,87
nhnw_bin.446.fa.gz,nhnw_bin.446.fa.gz,1.0,0.9966442953020134,436
nhnw_bin.447.fa.gz,nhnw_bin.447.fa.gz,1.0,0.9969604863221885,79
nhnw_bin.448.fa.gz,nhnw_bin.448.fa.gz,1.0,0.9923076923076923,18
nhnw_bin.449.fa.gz,nhnw_bin.449.fa.gz,1.0,0.9963302752293578,693
nhnw_bin.44.fa.gz,nhnw_bin.44.fa.gz,1.0,0.9864521591871296,399
nhnw_bin.450.fa.gz,nhnw_bin.450.fa.gz,1.0,0.9978213507625272,641
nhnw_bin.451.fa.gz,nhnw_bin.451.fa.gz,1.0,0.9894459102902374,731
nhnw_bin.452.fa.gz,nhnw_bin.452.fa.gz,1.0,0.9836065573770492,284
nhnw_bin.453.fa.gz,nhnw_bin.453.fa.gz,1.0,0.9954233409610984,692
nhnw_bin.454.fa.gz,nhnw_bin.454.fa.gz,1.0,0.9965986394557823,384
nhnw_bin.455.fa.gz,nhnw_bin.455.fa.gz,1.0,0.9980879541108987,247
nhnw_bin.456.fa.gz,nhnw_bin.456.fa.gz,1.0,0.9950166112956811,490
nhnw_bin.457.fa.gz,nhnw_bin.457.fa.gz,1.0,0.9944237918215614,367
nhnw_bin.458.fa.gz,nhnw_bin.458.fa.gz,1.0,0.9951768488745981,742
nhnw_bin.459.fa.gz,nhnw_bin.459.fa.gz,1.0,0.9964726631393298,306
nhnw_bin.460.fa.gz,nhnw_bin.460.fa.gz,1.0,0.9822064056939501,122
nhnw_bin.461.fa.gz,nhnw_bin.461.fa.gz,1.0,0.9871559633027523,404
nhnw_bin.462.fa.gz,nhnw_bin.462.fa.gz,1.0,0.9902200488997555,671
nhnw_bin.463.fa.gz,nhnw_bin.463.fa.gz,1.0,0.9785202863961814,606
nhnw_bin.464.fa.gz,nhnw_bin.464.fa.gz,1.0,0.9980952380952381,278
nhnw_bin.465.fa.gz,nhnw_bin.465.fa.gz,1.0,0.988399071925754,321
nhnw_bin.467.fa.gz,nhnw_bin.467.fa.gz,1.0,0.9976905311778291,496
nhnw_bin.468.fa.gz,nhnw_bin.468.fa.gz,1.0,0.9977401129943503,434
nhnw_bin.469.fa.gz,nhnw_bin.469.fa.gz,1.0,0.9803439803439803,672
nhnw_bin.46.fa.gz,nhnw_bin.46.fa.gz,1.0,0.9619047619047619,428
nhnw_bin.471.fa.gz,nhnw_bin.471.fa.gz,1.0,0.9950900163666121,859
nhnw_bin.472.fa.gz,nhnw_bin.472.fa.gz,1.0,0.9906213364595545,98
nhnw_bin.473.fa.gz,nhnw_bin.473.fa.gz,1.0,0.9959183673469387,603
nhnw_bin.474.fa.gz,nhnw_bin.474.fa.gz,1.0,0.993993993993994,879
nhnw_bin.475.fa.gz,nhnw_bin.475.fa.gz,1.0,0.980722891566265,645
nhnw_bin.476.fa.gz,nhnw_bin.476.fa.gz,1.0,0.9841017488076311,431
nhnw_bin.478.fa.gz,nhnw_bin.478.fa.gz,1.0,0.9886547811993517,445
nhnw_bin.479.fa.gz,nhnw_bin.479.fa.gz,1.0,0.9929453262786596,255
nhnw_bin.47.fa.gz,nhnw_bin.47.fa.gz,1.0,0.9920634920634921,594
nhnw_bin.480.fa.gz,nhnw_bin.480.fa.gz,1.0,0.9920634920634921,638
nhnw_bin.481.fa.gz,nhnw_bin.481.fa.gz,1.0,1.0,625
nhnw_bin.482.fa.gz,nhnw_bin.482.fa.gz,1.0,0.986013986013986,23
nhnw_bin.483.fa.gz,nhnw_bin.483.fa.gz,0.999999,0.9976019184652278,697
nhnw_bin.484.fa.gz,nhnw_bin.484.fa.gz,1.0,0.9959866220735786,422
nhnw_bin.485.fa.gz,nhnw_bin.485.fa.gz,1.0,0.9883449883449883,236
nhnw_bin.486.fa.gz,nhnw_bin.486.fa.gz,1.0,0.977859778597786,497
nhnw_bin.487.fa.gz,nhnw_bin.487.fa.gz,1.0,0.9963570127504554,574
nhnw_bin.488.fa.gz,nhnw_bin.488.fa.gz,1.0,0.9924812030075187,754
nhnw_bin.489.fa.gz,nhnw_bin.489.fa.gz,1.0,1.0,640
nhnw_bin.48.fa.gz,nhnw_bin.48.fa.gz,1.0,0.9848197343453511,31
nhnw_bin.490.fa.gz,nhnw_bin.490.fa.gz,1.0,0.9990319457889641,49
nhnw_bin.491.fa.gz,nhnw_bin.491.fa.gz,1.0,0.9928057553956835,409
nhnw_bin.492.fa.gz,nhnw_bin.492.fa.gz,1.0,0.9830028328611898,699
nhnw_bin.493.fa.gz,nhnw_bin.493.fa.gz,1.0,0.9929378531073446,417
nhnw_bin.495.fa.gz,nhnw_bin.495.fa.gz,1.0,0.9973787680209698,238
nhnw_bin.496.fa.gz,nhnw_bin.496.fa.gz,1.0,0.964509394572025,511
nhnw_bin.497.fa.gz,nhnw_bin.497.fa.gz,1.0,0.994269340974212,21
nhnw_bin.498.fa.gz,nhnw_bin.498.fa.gz,1.0,0.9952267303102625,424
nhnw_bin.49.fa.gz,nhnw_bin.49.fa.gz,0.999999,0.994280266920877,565
nhnw_bin.4.fa.gz,nhnw_bin.4.fa.gz,1.0,0.9982905982905983,191
nhnw_bin.500.fa.gz,nhnw_bin.500.fa.gz,1.0,0.9774774774774775,862
nhnw_bin.501.fa.gz,nhnw_bin.501.fa.gz,1.0,0.9970760233918129,362
nhnw_bin.502.fa.gz,nhnw_bin.502.fa.gz,1.0,0.9759704251386322,41
nhnw_bin.503.fa.gz,nhnw_bin.503.fa.gz,1.0,0.9902676399026764,148
nhnw_bin.504.fa.gz,nhnw_bin.504.fa.gz,1.0,0.9902120717781403,174
nhnw_bin.505.fa.gz,nhnw_bin.505.fa.gz,1.0,0.9885222381635581,349
nhnw_bin.506.fa.gz,nhnw_bin.506.fa.gz,1.0,0.9967845659163987,716
nhnw_bin.507.fa.gz,nhnw_bin.507.fa.gz,1.0,0.9803149606299213,290
nhnw_bin.50.fa.gz,nhnw_bin.50.fa.gz,1.0,0.978125,201
nhnw_bin.511.fa.gz,nhnw_bin.511.fa.gz,1.0,0.9977553310886644,467
nhnw_bin.512.fa.gz,nhnw_bin.512.fa.gz,1.0,0.9965277777777778,8
nhnw_bin.513.fa.gz,nhnw_bin.513.fa.gz,1.0,0.9946153846153846,398
nhnw_bin.515.fa.gz,nhnw_bin.515.fa.gz,1.0,0.987410071942446,260
nhnw_bin.516.fa.gz,nhnw_bin.516.fa.gz,1.0,0.996594778660613,836
nhnw_bin.517.fa.gz,nhnw_bin.517.fa.gz,1.0,0.9879518072289156,123
nhnw_bin.518.fa.gz,nhnw_bin.518.fa.gz,1.0,0.9934282584884995,491
nhnw_bin.51.fa.gz,nhnw_bin.51.fa.gz,1.0,0.9833333333333333,786
nhnw_bin.520.fa.gz,nhnw_bin.520.fa.gz,1.0,0.977491961414791,378
nhnw_bin.521.fa.gz,nhnw_bin.521.fa.gz,1.0,0.9917627677100495,792
nhnw_bin.522.fa.gz,nhnw_bin.522.fa.gz,1.0,1.0,287
nhnw_bin.523.fa.gz,nhnw_bin.523.fa.gz,1.0,0.9946091644204852,477
nhnw_bin.524.fa.gz,nhnw_bin.524.fa.gz,1.0,0.997289972899729,703
nhnw_bin.527.fa.gz,nhnw_bin.527.fa.gz,1.0,0.9832826747720365,189
nhnw_bin.528.fa.gz,nhnw_bin.528.fa.gz,1.0,0.986159169550173,82
nhnw_bin.52.fa.gz,nhnw_bin.52.fa.gz,1.0,1.0,809
nhnw_bin.530.fa.gz,nhnw_bin.530.fa.gz,1.0,0.9915966386554622,501
nhnw_bin.531.fa.gz,nhnw_bin.531.fa.gz,1.0,0.991304347826087,343
nhnw_bin.532.fa.gz,nhnw_bin.532.fa.gz,1.0,0.984304932735426,212
nhnw_bin.533.fa.gz,nhnw_bin.533.fa.gz,1.0,0.9892638036809815,460
nhnw_bin.535.fa.gz,nhnw_bin.535.fa.gz,1.0,0.992818671454219,53
nhnw_bin.536.fa.gz,nhnw_bin.536.fa.gz,1.0,0.9919517102615694,42
nhnw_bin.537.fa.gz,nhnw_bin.537.fa.gz,1.0,0.9846678023850085,130
nhnw_bin.539.fa.gz,nhnw_bin.539.fa.gz,1.0,0.9945504087193461,896
nhnw_bin.53.fa.gz,nhnw_bin.53.fa.gz,1.0,0.99185667752443,585
nhnw_bin.540.fa.gz,nhnw_bin.540.fa.gz,1.0,0.9984894259818731,536
nhnw_bin.541.fa.gz,nhnw_bin.541.fa.gz,1.0,0.9841628959276018,346
nhnw_bin.542.fa.gz,nhnw_bin.542.fa.gz,1.0,0.9945205479452055,411
nhnw_bin.543.fa.gz,nhnw_bin.543.fa.gz,1.0,0.982646420824295,294
nhnw_bin.544.fa.gz,nhnw_bin.544.fa.gz,1.0,0.9945652173913043,226
nhnw_bin.545.fa.gz,nhnw_bin.545.fa.gz,1.0,0.99812382739212,881
nhnw_bin.546.fa.gz,nhnw_bin.546.fa.gz,1.0,0.9792626728110599,359
nhnw_bin.548.fa.gz,nhnw_bin.548.fa.gz,1.0,0.9891826923076923,223
nhnw_bin.549.fa.gz,nhnw_bin.549.fa.gz,1.0,1.0,108
nhnw_bin.550.fa.gz,nhnw_bin.550.fa.gz,1.0,1.0,787
nhnw_bin.551.fa.gz,nhnw_bin.551.fa.gz,1.0,0.9988412514484357,170
nhnw_bin.552.fa.gz,nhnw_bin.552.fa.gz,1.0,0.984251968503937,67
nhnw_bin.553.fa.gz,nhnw_bin.553.fa.gz,1.0,0.9951690821256038,851
nhnw_bin.554.fa.gz,nhnw_bin.554.fa.gz,1.0,0.9902370990237099,884
nhnw_bin.556.fa.gz,nhnw_bin.556.fa.gz,0.999999,0.9903181189488244,193
nhnw_bin.557.fa.gz,nhnw_bin.557.fa.gz,1.0,0.990228013029316,473
nhnw_bin.558.fa.gz,nhnw_bin.558.fa.gz,1.0,0.9966216216216216,328
nhnw_bin.559.fa.gz,nhnw_bin.559.fa.gz,1.0,1.0,444
nhnw_bin.55.fa.gz,nhnw_bin.55.fa.gz,1.0,0.9955703211517165,741
nhnw_bin.560.fa.gz,nhnw_bin.560.fa.gz,1.0,1.0,624
nhnw_bin.561.fa.gz,nhnw_bin.561.fa.gz,1.0,0.9969558599695586,767
nhnw_bin.563.fa.gz,nhnw_bin.563.fa.gz,0.999999,0.9837962962962963,252
nhnw_bin.566.fa.gz,nhnw_bin.566.fa.gz,1.0,0.9914236706689536,266
nhnw_bin.569.fa.gz,nhnw_bin.569.fa.gz,1.0,0.9875930521091811,506
nhnw_bin.570.fa.gz,nhnw_bin.570.fa.gz,1.0,0.9960474308300395,119
nhnw_bin.571.fa.gz,nhnw_bin.571.fa.gz,1.0,0.9957567185289957,539
nhnw_bin.572.fa.gz,nhnw_bin.572.fa.gz,1.0,1.0,680
nhnw_bin.573.fa.gz,nhnw_bin.573.fa.gz,1.0,0.9914407988587732,462
nhnw_bin.574.fa.gz,nhnw_bin.574.fa.gz,1.0,0.9855072463768116,179
nhnw_bin.575.fa.gz,nhnw_bin.575.fa.gz,1.0,0.9983766233766234,729
nhnw_bin.576.fa.gz,nhnw_bin.576.fa.gz,1.0,0.9886104783599089,509
nhnw_bin.577.fa.gz,nhnw_bin.577.fa.gz,1.0,0.9916142557651991,389
nhnw_bin.578.fa.gz,nhnw_bin.578.fa.gz,1.0,0.9744186046511628,846
nhnw_bin.57.fa.gz,nhnw_bin.57.fa.gz,1.0,0.9963235294117647,611
nhnw_bin.582.fa.gz,nhnw_bin.582.fa.gz,1.0,0.9972144846796658,695
nhnw_bin.583.fa.gz,nhnw_bin.583.fa.gz,1.0,0.9981751824817519,811
nhnw_bin.584.fa.gz,nhnw_bin.584.fa.gz,1.0,1.0,580
nhnw_bin.585.fa.gz,nhnw_bin.585.fa.gz,0.999999,0.9853372434017595,25
nhnw_bin.586.fa.gz,nhnw_bin.586.fa.gz,1.0,0.9953846153846154,425
nhnw_bin.587.fa.gz,nhnw_bin.587.fa.gz,1.0,0.9876847290640394,93
nhnw_bin.588.fa.gz,nhnw_bin.588.fa.gz,1.0,0.9904109589041096,432
nhnw_bin.589.fa.gz,nhnw_bin.589.fa.gz,1.0,0.9956803455723542,520
nhnw_bin.58.fa.gz,nhnw_bin.58.fa.gz,1.0,0.9922779922779923,522
nhnw_bin.590.fa.gz,nhnw_bin.590.fa.gz,1.0,0.9911602209944751,60
nhnw_bin.593.fa.gz,nhnw_bin.593.fa.gz,1.0,0.9951338199513382,181
nhnw_bin.594.fa.gz,nhnw_bin.594.fa.gz,1.0,0.992818671454219,253
nhnw_bin.595.fa.gz,nhnw_bin.595.fa.gz,1.0,0.9777070063694268,111
nhnw_bin.597.fa.gz,nhnw_bin.597.fa.gz,1.0,0.9942028985507246,448
nhnw_bin.59.fa.gz,nhnw_bin.59.fa.gz,1.0,0.9933774834437086,308
nhnw_bin.5.fa.gz,nhnw_bin.5.fa.gz,1.0,0.9893048128342246,229
nhnw_bin.600.fa.gz,nhnw_bin.600.fa.gz,1.0,0.9986301369863013,427
nhnw_bin.601.fa.gz,nhnw_bin.601.fa.gz,1.0,0.984375,248
nhnw_bin.602.fa.gz,nhnw_bin.602.fa.gz,1.0,0.9866888519134775,878
nhnw_bin.603.fa.gz,nhnw_bin.603.fa.gz,0.999999,0.978515625,366
nhnw_bin.60.fa.gz,nhnw_bin.60.fa.gz,1.0,0.9983870967741936,233
nhnw_bin.61.fa.gz,nhnw_bin.61.fa.gz,1.0,0.9949186991869918,396
nhnw_bin.62.fa.gz,nhnw_bin.62.fa.gz,1.0,0.9930555555555556,66
nhnw_bin.63.fa.gz,nhnw_bin.63.fa.gz,1.0,0.9819059107358263,749
nhnw_bin.64.fa.gz,nhnw_bin.64.fa.gz,1.0,0.9903536977491961,681
nhnw_bin.65.fa.gz,nhnw_bin.65.fa.gz,1.0,0.9949622166246851,447
nhnw_bin.66.fa.gz,nhnw_bin.66.fa.gz,1.0,0.9954545454545455,376
nhnw_bin.67.fa.gz,nhnw_bin.67.fa.gz,1.0,0.9926470588235294,245
nhnw_bin.68.fa.gz,nhnw_bin.68.fa.gz,1.0,0.975609756097561,282
nhnw_bin.69.fa.gz,nhnw_bin.69.fa.gz,1.0,0.9947089947089947,518
nhnw_bin.6.fa.gz,nhnw_bin.6.fa.gz,1.0,0.9823943661971831,86
nhnw_bin.70.fa.gz,nhnw_bin.70.fa.gz,1.0,0.9906417112299465,873
nhnw_bin.71.fa.gz,nhnw_bin.71.fa.gz,1.0,0.9960474308300395,616
nhnw_bin.72.fa.gz,nhnw_bin.72.fa.gz,1.0,0.9832402234636871,368
nhnw_bin.73.fa.gz,nhnw_bin.73.fa.gz,1.0,0.9974457215836526,900
nhnw_bin.74.fa.gz,nhnw_bin.74.fa.gz,1.0,0.9706840390879479,726
nhnw_bin.76.fa.gz,nhnw_bin.76.fa.gz,1.0,1.0,636
nhnw_bin.77.fa.gz,nhnw_bin.77.fa.gz,1.0,0.9948032665181886,400
nhnw_bin.78.fa.gz,nhnw_bin.78.fa.gz,1.0,0.9980237154150198,532
nhnw_bin.7.fa.gz,nhnw_bin.7.fa.gz,1.0,0.99800796812749,633
nhnw_bin.80.fa.gz,nhnw_bin.80.fa.gz,1.0,0.9609756097560975,837
nhnw_bin.81.fa.gz,nhnw_bin.81.fa.gz,1.0,0.9955947136563876,38
nhnw_bin.82.fa.gz,nhnw_bin.82.fa.gz,1.0,0.9948849104859335,270
nhnw_bin.83.fa.gz,nhnw_bin.83.fa.gz,1.0,0.9782178217821782,190
nhnw_bin.84.fa.gz,nhnw_bin.84.fa.gz,1.0,0.9937369519832986,178
nhnw_bin.85.fa.gz,nhnw_bin.85.fa.gz,1.0,0.9902248289345064,584
nhnw_bin.86.fa.gz,nhnw_bin.86.fa.gz,1.0,0.9778911564625851,194
nhnw_bin.88.fa.gz,nhnw_bin.88.fa.gz,1.0,0.9827586206896551,169
nhnw_bin.89.fa.gz,nhnw_bin.89.fa.gz,1.0,0.9893238434163701,218
nhnw_bin.8.fa.gz,nhnw_bin.8.fa.gz,1.0,0.9952456418383518,458
nhnw_bin.90.fa.gz,nhnw_bin.90.fa.gz,1.0,0.9940688018979834,527
nhnw_bin.91.fa.gz,nhnw_bin.91.fa.gz,1.0,0.9766949152542372,207
nhnw_bin.93.fa.gz,nhnw_bin.93.fa.gz,1.0,0.989778534923339,72
nhnw_bin.94.fa.gz,nhnw_bin.94.fa.gz,1.0,0.9921875,815
nhnw_bin.95.fa.gz,nhnw_bin.95.fa.gz,1.0,0.9883333333333333,176
nhnw_bin.96.fa.gz,nhnw_bin.96.fa.gz,1.0,0.9926144756277696,576
nhnw_bin.98.fa.gz,nhnw_bin.98.fa.gz,1.0,0.9921722113502935,822
nhnw_bin.99.fa.gz,nhnw_bin.99.fa.gz,1.0,0.9839228295819936,571
